phone_number,sale_price
0961414656,12900.0
0961415145,12900.0
0951415156,12900.0
0961415424,14900.0
0961415451,19900.0
0961415541,9900.0
0961415619,19900.0
0971415989,14900.0
0961416454,7900.0
0961416465,12900.0
0961416564,7900.0
0961416591,8900.0
0961416915,14900.0
0961416945,14900.0
0961416954,11900.0
0961419156,14900.0
0961419451,9000.0
0961419541,12900.0
0961419615,7900.0
0961419915,7900.0
0961422951,14900.0
0961424145,22900.0
0961424154,8900.0
0841424191,5900.0
0961424451,11900.0
0951424465,22900.0
0961424514,19900.0
0961424541,14900.0
0961426959,12900.0
0951429245,14900.0
0961429424,12900.0
0951429491,6900.0
0961429515,14900.0
0961429564,14900.0
0951429591,12900.0
0961429915,22900.0
0961451415,22900.0
0961451424,14900.0
0941451454,14900.0
0961451495,24900.0
0961451565,29900.0
0951451645,22900.0
0961454159,24900.0
0951454194,14900.0
0951454264,14900.0
0961454265,29900.0
0951454595,24900.0
0951454615,24900.0
0961454645,24900.0
0961454915,24900.0
0961455145,24900.0
0961455156,29900.0
0961455165,29900.0
0961455356,32900.0
0961455464,14900.0
0961455619,28900.0
0961456191,12900.0
0961456454,14900.0
0961456459,28900.0
0951456514,14900.0
0961456515,24900.0
0961456915,24900.0
0951456916,12900.0
0961456956,32900.0
0961459161,12900.0
0961459515,24900.0
0961459695,24900.0
0961459956,29900.0
0961459965,29900.0
0951461424,14900.0
0951461945,24900.0
0961461951,14900.0
0961461959,29900.0
0951462915,24900.0
0961462945,24900.0
0814693559,19900.0
0961464165,29900.0
0961464546,14900.0
0961466154,14900.0
0951466965,29900.0
0961469159,29900.0
0961469245,24900.0
0951469515,34900.0
0814699656,29900.0
0961491415,32900.0
0961491465,29900.0
0961491514,14900.0
0961491541,12900.0
0961491545,34900.0
0961491645,34900.0
0961491965,29900.0
0961492956,34900.0
0961494165,29900.0
0961494191,12900.0
0961494461,12900.0
0961494495,27900.0
0641494954,14900.0
0641495154,14900.0
0961495154,14900.0
0941495465,29900.0
0971495653,22900.0
0941495654,14900.0
0961496245,34900.0
0961496415,34900.0
0961496514,14900.0
0961496924,14900.0
0961496946,12900.0
0961498297,29900.0
0961499565,29900.0
0961499656,34900.0
0961514541,14900.0
0961514565,29900.0
0971532923,19900.0
0941535141,14900.0
0971535329,24900.0
0641536454,14900.0
0641539654,14900.0
0961541495,29900.0
0961541546,12900.0
0961541564,14900.0
0961541645,32900.0
0641541945,32900.0
0961541945,32900.0
0961542324,14900.0
0961542459,24900.0
0961542465,29900.0
0961544151,14900.0
0961544165,29900.0
0961544265,29900.0
0941544965,29900.0
0961545141,14900.0
0961545165,29900.0
0641545356,34900.0
0961546245,32900.0
0971546299,19900.0
0961546515,32900.0
0961549156,34900.0
0961549415,32900.0
0961549956,32900.0
0961561941,14900.0
0961561959,29900.0
0961562454,17900.0
0961562924,17900.0
0961562989,34900.0
0961564146,12900.0
0961564164,17900.0
0961564195,34900.0
0961564415,37900.0
0961564515,39900.0
0961564546,14900.0
0961564956,34900.0
0961564959,39900.0
0961564964,17900.0
0961565156,34900.0
0961565165,32900.0
0961565363,17900.0
0961565415,39900.0
0961565451,14900.0
0961569495,34900.0
0961569514,17900.0
0961569941,14900.0
0961569954,14900.0
0961591491,14900.0
0971592293,17900.0
0961592451,14900.0
0951592454,17900.0
0951592965,32900.0
0961594246,14900.0
0961594965,32900.0
0961595649,34900.0
0951596195,34900.0
0961596195,34900.0
0951596245,39900.0
0961596459,39900.0
0961596514,17900.0
0961596519,39900.0
0961596595,34900.0
0951596659,34900.0
0961596959,39900.0
0961598916,14900.0
0961599159,39900.0
0961599163,17900.0
0961599165,32900.0
0961599249,39900.0
0961599565,32900.0
0961599591,14900.0
0961599645,39900.0
0961599691,14900.0
0642232265,29900.0
0802232366,12900.0
0842232879,34900.0
0802235153,17900.0
0832235495,24900.0
0842235654,14900.0
0802235954,12900.0
0962236156,32900.0
0802236299,24900.0
0972236653,17900.0
0642236695,24900.0
0902236946,12900.0
0832239929,29900.0
0902239965,29900.0
0902241465,29900.0
0832242287,24900.0
0802242649,24900.0
0902242654,12900.0
0832242665,29900.0
0642242979,24900.0
0832244265,29900.0
0832244651,14900.0
0842245919,29900.0
0962245954,12900.0
0842246149,24900.0
0832246415,29900.0
0902246461,14900.0
0952246591,14900.0
0832249829,34900.0
0842249879,39900.0
0642249964,12900.0
0842261454,12900.0
0902261465,29900.0
0832261656,32900.0
0972261697,24900.0
0842262451,14900.0
0802262465,29900.0
0802262959,34900.0
0962264191,14900.0
0902264295,24900.0
0842264495,24900.0
0902264515,29900.0
0842264519,34900.0
0842264694,12900.0
0802264935,32900.0
0842264954,12900.0
0902265354,12900.0
0952265494,12900.0
0972265515,29900.0
0842265616,12900.0
0902266265,29900.0
0832266324,12900.0
0972266359,34900.0
0962266365,29900.0
0642266395,24900.0
0902269365,29900.0
0842269464,12900.0
0842269514,12900.0
0902269699,24900.0
0902282265,29900.0
0842282459,34900.0
0842282495,29900.0
0902282629,29900.0
0842282645,32900.0
0902282656,32900.0
0842282924,12900.0
0902282949,29900.0
0902287924,12900.0
0802291516,12900.0
0832291535,32900.0
0832291536,12900.0
0842291545,32900.0
0842291645,32900.0
0832291663,17900.0
0842291956,32900.0
0642292294,12900.0
0832292354,12900.0
0842292645,32900.0
0842292829,34900.0
0962293651,18900.0
0842294191,14900.0
0642294459,29900.0
0832294539,34900.0
0832294559,24900.0
0842295154,12900.0
0972295195,24900.0
0952295541,14900.0
0842295915,32900.0
0832295989,29900.0
0962296165,29900.0
0842296265,29900.0
0802296623,17900.0
0832296645,32900.0
0842296956,32900.0
0972297965,29900.0
0842298245,32900.0
0842298246,12900.0
0902298295,24900.0
0902298915,32900.0
0902298956,32900.0
0902298965,29900.0
0842299295,24900.0
0842299415,32900.0
0842299646,12900.0
0952323615,32900.0
0972323651,18900.0
0902324245,32900.0
0962326414,12900.0
0902329154,12900.0
0902329556,32900.0
0802329615,32900.0
0962351454,12900.0
0902351594,12900.0
0952353514,12900.0
0832353639,34900.0
0972353994,12900.0
0642354156,34900.0
0802354287,29900.0
0902354551,14900.0
0842355195,29900.0
0952355491,14900.0
0902355695,29900.0
0902359416,12900.0
0802362291,14900.0
0842362956,34900.0
0802362987,29900.0
0642363287,29900.0
0832364249,29900.0
0952364465,29900.0
0832364987,29900.0
0902366239,32900.0
0802366287,29900.0
0832366287,29900.0
0832366429,29900.0
0952366449,19900.0
0952366466,12900.0
0962366951,15900.0
0832391419,23900.0
0902391665,29900.0
0802391924,12900.0
0842391945,32900.0
0902391965,29900.0
0832392249,29900.0
0902392263,17900.0
0952392356,34900.0
0902392455,32900.0
0952392915,32900.0
0952393556,34900.0
0832394146,14900.0
0972396366,11900.0
0832397915,32900.0
0802398949,29900.0
0802399594,12900.0
0802399636,14900.0
0952414154,12900.0
0962414415,32900.0
0962414451,14900.0
0962414465,29900.0
0962414514,12900.0
0962414541,14900.0
0952414656,32900.0
0962414951,14900.0
0952414956,32900.0
0962415195,24900.0
0962415414,12900.0
0962415465,29900.0
0962415519,29900.0
0952415541,14900.0
0962415546,11900.0
0962415645,29900.0
0962415915,29900.0
0962415951,14900.0
0952415954,12900.0
0962416295,24900.0
0952416454,12900.0
0962416459,34900.0
0962416545,29900.0
0842416915,29900.0
0952419165,29900.0
0962419245,29900.0
0842419464,12900.0
0962419515,29900.0
0952419656,32900.0
0962419965,29900.0
0842422649,29900.0
0832422695,29900.0
0802422959,29900.0
0842422964,14900.0
0952423514,12900.0
0842426249,29900.0
0962426454,14900.0
0842426541,14900.0
0962426564,14900.0
0832428265,29900.0
0902429395,29900.0
0961464156,29900.0
0962429454,14900.0
0962429459,34900.0
0962429514,14900.0
0962429545,29900.0
0962429954,12900.0
0962451645,32900.0
0962451924,12900.0
0962451951,19900.0
0972453265,29900.0
0962454156,32900.0
0962454165,29900.0
0962454195,29900.0
0962454245,32900.0
0842454495,29900.0
0962454651,14900.0
0972454663,19900.0
0962454695,29900.0
0962454965,29900.0
0962455465,29900.0
0842455616,14900.0
0962455645,32900.0
0842455646,14900.0
0962456145,32900.0
0962456154,12900.0
0962456165,29900.0
0842456241,14900.0
0962456246,14900.0
0802456356,32900.0
0962456415,32900.0
0962456424,14900.0
0962456451,14900.0
0962456545,32900.0
0902456566,11900.0
0842456624,12900.0
0962459145,32900.0
0962459151,14900.0
0962459245,32900.0
0962459514,14900.0
0842459624,14900.0
0962461419,29900.0
0962461545,29900.0
0842461646,12900.0
0962461656,29900.0
0962461954,14900.0
0842461956,29900.0
0962462454,14900.0
0962462915,29900.0
0842462924,14900.0
0962462951,19900.0
0842462954,14900.0
0962464245,29900.0
0962464465,29900.0
0962464515,29900.0
0962464546,14900.0
0962464564,14900.0
0962464924,14900.0
0962464951,19900.0
0842464954,14900.0
0962464965,29900.0
0962465145,29900.0
0962465154,14900.0
0962465415,29900.0
0962465424,14900.0
0962465451,14900.0
0962465464,14900.0
0962465495,29900.0
0962465514,14900.0
0962465541,14900.0
0962465919,29900.0
0962466151,14900.0
0842466191,14900.0
0842466393,17900.0
0842466494,14900.0
0962466495,29900.0
0802466545,29900.0
0842466514,14900.0
0842466591,14900.0
0842466929,29900.0
0842466941,14900.0
0962466954,14900.0
0842466961,14900.0
0842469146,12900.0
0962469415,29900.0
0962469424,14900.0
0962469459,34900.0
0972469659,34900.0
0842469945,29900.0
0842469954,14900.0
0962469954,14900.0
0842491454,14900.0
0842491464,14900.0
0962491465,29900.0
0842491495,32900.0
0962491519,32900.0
0962491595,32900.0
0802491953,19900.0
0842491954,14900.0
0842491959,34900.0
0962491959,34900.0
0802491979,24900.0
0812492365,29900.0
0962492414,14900.0
0962492415,32900.0
0962492451,14900.0
0962492464,14900.0
0962492495,32900.0
0842492645,32900.0
0962492954,14900.0
0972493651,14900.0
0842494145,32900.0
0962494145,32900.0
0842494146,12900.0
0962494151,14900.0
0842494154,14900.0
0962494154,14900.0
0962494156,29900.0
0962494165,29900.0
0962494295,32900.0
0842494451,14900.0
0962494565,29900.0
0832494594,14900.0
0962494659,34900.0
0962495564,14900.0
0962495919,29900.0
0962495929,29900.0
0842495946,14900.0
0842496146,12900.0
0842496151,14900.0
0842496246,14900.0
0842496264,14900.0
0962496451,14900.0
0962496459,34900.0
0972496459,34900.0
0962496495,32900.0
0962496545,39900.0
0902496616,12900.0
0962496645,32900.0
0842496945,39900.0
0962496945,39900.0
0842498245,39900.0
0832498939,29900.0
0962498964,14900.0
0842499145,39900.0
0962499151,14900.0
0842499195,32900.0
0962499245,39900.0
0962499246,12900.0
0842499415,39900.0
0842499451,14900.0
0962499465,29900.0
0842499495,32900.0
0842499514,14900.0
0842499549,29900.0
0962499564,14900.0
0952499899,29900.0
0842614151,19900.0
0842614191,14900.0
0842614195,29900.0
0842614245,32900.0
0842614295,29900.0
0902614465,29900.0
0842614515,32900.0
0842614645,32900.0
0842614691,14900.0
0842614694,14900.0
0842615195,29900.0
0842615645,32900.0
0832616359,39900.0
0842616564,14900.0
0842616914,14900.0
0972616951,19900.0
0642619164,14900.0
0842619245,32900.0
0842619451,19900.0
0642619645,32900.0
0842619646,14900.0
0842619915,32900.0
0802619929,29900.0
0962629151,22900.0
0972629553,17900.0
0972629695,29900.0
0952623265,29900.0
0972623646,14900.0
0972624235,32900.0
0972624645,32900.0
0972626956,29900.0
0642632324,14900.0
0962632665,29900.0
0902635565,29900.0
0902639515,32900.0
0832639795,32900.0
0832639951,22900.0
0902639951,22900.0
0642641564,14900.0
0842641645,32900.0
0962641656,32900.0
0842641946,12900.0
0952641995,29900.0
0962642454,14900.0
0842642694,14900.0
0842642829,44900.0
0962644154,14900.0
0962644195,29900.0
0952644245,32900.0
0962644245,32900.0
0842644291,14900.0
0842644295,29900.0
0962644515,32900.0
0962644541,14900.0
0962644546,14900.0
0962644564,14900.0
0962644591,14900.0
0952644515,32900.0
0842644615,32900.0
0962644641,14900.0
0962644645,32900.0
0952644956,32900.0
0962644956,32900.0
0962644959,39900.0
0962645145,32900.0
0962645154,14900.0
0842645191,14900.0
0802645351,22900.0
0962645424,14900.0
0962645429,29900.0
0962645464,14900.0
0962645514,14900.0
0962645541,14900.0
0962645549,29900.0
0962645594,14900.0
0952645614,14900.0
0962645945,32900.0
0962645954,14900.0
0802646151,22900.0
0842646154,14900.0
0802646493,17900.0
0842646695,29900.0
0842646951,22900.0
0842649164,14900.0
0842649264,14900.0
0952649455,32900.0
0962649545,32900.0
0842649549,29900.0
0842649616,12900.0
0902649646,14900.0
0832649664,12900.0
0972649953,17900.0
0962649954,12900.0
0962651656,39900.0
0962651965,34900.0
0962654145,39900.0
0962654154,14900.0
0962654415,34900.0
0962654451,22900.0
0962654514,14900.0
0962654651,24900.0
0962654954,14900.0
0962655191,14900.0
0962655414,14900.0
0952655419,29900.0
0962655495,34900.0
0832655663,17900.0
0962656154,14900.0
0972656364,14900.0
0962656956,39900.0
0972659197,32900.0
0962659454,14900.0
0962659545,39900.0
0802659656,39900.0
0962659656,39900.0
0842691415,32900.0
0902691423,17900.0
0802691424,14900.0
0962691454,14900.0
0842691464,14900.0
0842691645,32900.0
0842691695,32900.0
0842691956,29900.0
0842691965,34900.0
0842692245,32900.0
0842692265,32900.0
0962692294,14900.0
0962692359,39900.0
0842692414,14900.0
0802692459,39900.0
0902692495,32900.0
0842692645,32900.0
0902692694,14900.0
0842692695,32900.0
0972693616,14900.0
0962693639,29900.0
0842694151,22900.0
0802694551,19900.0
0952694654,14900.0
0842694656,34900.0
0972695545,32900.0
0842694959,39900.0
0842695165,34900.0
0842695451,24900.0
0962695495,32900.0
0642695646,14900.0
0842695646,14900.0
0842696151,24900.0
0842696195,32900.0
0842696645,32900.0
0902696656,32900.0
0842696695,32900.0
0832697995,32900.0
0832698235,39900.0
0902698245,39900.0
0842698265,34900.0
0952698799,29900.0
0842698946,19900.0
0902698949,29900.0
0972699164,14900.0
0802699199,29900.0
0962699454,14900.0
0962699459,39900.0
0802699623,17900.0
0842699651,24900.0
0902822919,29900.0
0642823295,34900.0
0902824429,29900.0
0972824616,19900.0
0972824959,39900.0
0902826945,39900.0
0902826946,22900.0
0902826951,24900.0
0802829916,19900.0
0834287956,32900.0
0972879299,29900.0
0952879365,39900.0
0962879395,34900.0
0972879455,29900.0
0642879787,34900.0
0642879956,32900.0
0952879964,17900.0
0903232249,29900.0
0953232391,14900.0
0903235655,29900.0
0973236156,32900.0
0803239519,39900.0
0973239646,19900.0
0803241426,19900.0
0803241463,17900.0
0903241923,17900.0
0803241926,19900.0
0973242249,29900.0
0953242646,19900.0
0903242919,29900.0
0803244989,34900.0
0953246295,34900.0
0803246355,29900.0
0953246619,29900.0
0803246653,17900.0
0803249153,17900.0
0803249159,39900.0
0953249665,34900.0
0803249895,34900.0
0803261461,14900.0
0832691663,17900.0
0973261926,19900.0
0903262351,24900.0
0803262944,14900.0
0903262995,34900.0
0953264515,34900.0
0963264695,34900.0
0643265354,17900.0
0803265366,19900.0
0973265536,19900.0
0953266154,17900.0
0963266265,34900.0
0643266566,12900.0
0803266924,17900.0
0803269651,24900.0
0973282261,14900.0
0803282961,14900.0
0973287955,29900.0
0963291951,24900.0
0803291995,34900.0
0953292245,29900.0
0963292656,32900.0
0973292945,34900.0
0643293659,39900.0
0803293953,17900.0
0973294229,29900.0
0963294246,19900.0
0973294597,12900.0
0903294995,34900.0
0973295916,19900.0
0643296235,39900.0
0803296691,14900.0
0803296914,17900.0
0903296995,34900.0
0643298939,29900.0
0963298951,27900.0
0973299365,34900.0
0803514293,17900.0
0963516326,19900.0
0803516553,17900.0
0803519399,29900.0
0803519646,19900.0
0963532395,34900.0
0973532653,17900.0
0953532965,34900.0
0973535956,32900.0
0973542353,17900.0
0973542923,17900.0
0973546356,32900.0
0953546654,17900.0
0963546694,17900.0
0803546935,39900.0
0803549794,17900.0
0973563541,14900.0
0973563559,39900.0
0803563619,29900.0
0973566265,39900.0
0643566945,39900.0
0803569224,19900.0
0963569514,19900.0
0973591416,19900.0
0973591923,17900.0
0953593654,19900.0
0973593923,17900.0
0973594497,12900.0
0953594546,19900.0
0973595964,19900.0
0973596394,19900.0
0803596966,12900.0
0803599261,14900.0
0973599456,32900.0
0973599624,19900.0
0803614519,39900.0
0803614956,32900.0
0803615149,29900.0
0973615961,14900.0
0973616693,17900.0
0803616916,19900.0
0803619954,17900.0
0803622623,17900.0
0963623959,39900.0
0803626453,17900.0
0803626465,34900.0
0803629791,14900.0
0803632651,24900.0
0803635159,39900.0
0803642397,12900.0
0803642416,19900.0
0953644695,34900.0
0803645399,29900.0
0803651546,19900.0
0803654649,29900.0
0953655495,39900.0
0953656965,39900.0
0803691966,19900.0
0803692987,19900.0
0803694166,19900.0
0803694197,19900.0
0953694651,24900.0
0803695146,19900.0
0803696293,17900.0
0953699451,22900.0
0953699454,19900.0
0953699615,39900.0
0953699616,19900.0
0954142645,32900.0
0964142915,32900.0
0964142945,32900.0
0964142946,19900.0
0964142951,24900.0
0964142954,17900.0
0964142956,32900.0
0964142965,29900.0
0964144156,29900.0
0964144165,29900.0
0964144265,29900.0
0964144565,29900.0
0964144624,17900.0
0964144629,29900.0
0964144651,24900.0
0964144656,32900.0
0964144691,14900.0
0964144916,19900.0
0964144926,19900.0
0964145156,32900.0
0964145159,39900.0
0964145165,29900.0
0964145465,29900.0
0964145519,39900.0
0964145624,19900.0
0964145645,32900.0
0964145915,32900.0
0964145951,24900.0
0964146154,17900.0
0964146156,32900.0
0964146159,39900.0
0964146165,29900.0
0964146195,32900.0
0964146245,32900.0
0964146451,24900.0
0964146515,32900.0
0964146519,39900.0
0964146545,32900.0
0964146564,19900.0
0964146645,32900.0
0964146695,32900.0
0964146915,32900.0
0964146965,29900.0
0964149156,32900.0
0964149245,32900.0
0964149265,29900.0
0964149515,32900.0
0954149649,29900.0
0954149694,17900.0
0964149895,32900.0
0964151415,34900.0
0964151424,17900.0
0964151465,32900.0
0964151695,34900.0
0964151915,39900.0
0964151951,29900.0
0964151954,19900.0
0964151956,32900.0
0964151965,32900.0
0964154156,32900.0
0964154159,39900.0
0964154165,32900.0
0964154195,39900.0
0964154245,39900.0
0964154265,32900.0
0964154295,39900.0
0964154465,32900.0
0964154515,39900.0
0964154565,32900.0
0964154645,39900.0
0964154651,29900.0
0964154915,39900.0
0964154951,29900.0
0954154989,34900.0
0964154989,34900.0
0964155154,19900.0
0964155156,32900.0
0964155164,19900.0
0964155165,32900.0
0964155415,34900.0
0964155451,29900.0
0964155464,19900.0
0964155615,39900.0
0964155645,39900.0
0964155914,19900.0
0954155989,34900.0
0964156154,19900.0
0964156159,39900.0
0964156195,39900.0
0964156197,19900.0
0964156265,32900.0
0964156419,29900.0
0964156424,19900.0
0964156451,29900.0
0964156465,32900.0
0964156515,39900.0
0964156545,39900.0
0964156546,22900.0
0964156645,34900.0
0964156695,29900.0
0964156915,39900.0
0964159154,19900.0
0964159145,39900.0
0964159156,32900.0
0964159245,39900.0
0964159451,29900.0
0964159515,39900.0
0964159659,39900.0
0964159956,32900.0
0964159965,32900.0
0964161459,39900.0
0964161465,29900.0
0964161495,34900.0
0964161545,32900.0
0964161564,17900.0
0964161595,34900.0
0964161945,32900.0
0964161951,29900.0
0964161954,17900.0
0964161959,39900.0
0964192419,29900.0
0964162454,17900.0
0964162459,39900.0
0964162495,34900.0
0964162954,17900.0
0964163295,34900.0
0964164145,32900.0
0964164149,29900.0
0964164154,17900.0
0964164156,32900.0
0964164159,39900.0
0964194165,29900.0
0964164195,32900.0
0964164415,34900.0
0964164451,24900.0
0964164465,29900.0
0964164515,34900.0
0964164519,39900.0
0964164541,14900.0
0964164564,17900.0
0964164565,29900.0
0964164615,34900.0
0964164624,17900.0
0964164651,29900.0
0964164659,39900.0
0964164695,34900.0
0964164915,39900.0
0964164924,17900.0
0964164951,29900.0
0964164954,17900.0
0964164956,32900.0
0964164965,29900.0
0964165145,39900.0
0964165149,29900.0
0964165154,22900.0
0964165159,39900.0
0964165194,17900.0
0964165195,34900.0
0964165415,39900.0
0964165419,29900.0
0964165424,17900.0
0964165429,29900.0
0964165451,29900.0
0964165465,29900.0
0964165541,14900.0
0964165616,19900.0
0964165645,39900.0
0964165649,29900.0
0954165915,39900.0
0964165915,39900.0
0964165946,19900.0
0964165951,29900.0
0964165964,17900.0
0964165965,29900.0
0964166451,29900.0
0964166454,17900.0
0964166459,39900.0
0954166519,39900.0
0964166541,14900.0
0964166545,39900.0
0964166954,17900.0
0954169154,17900.0
0964169154,17900.0
0964169159,39900.0
0964169195,34900.0
0964169245,39900.0
0964169415,39900.0
0964169451,29900.0
0964169515,39900.0
0964169541,14900.0
0964169564,17900.0
0964169645,39900.0
0964169659,39900.0
0964169915,39900.0
0964169924,17900.0
0964191415,39900.0
0964191429,29900.0
0964191451,24900.0
0964191465,32900.0
0964191615,39900.0
0964191641,14900.0
0964191645,39900.0
0964191646,19900.0
0964191651,24900.0
0954191656,32900.0
0964191659,39900.0
0964191695,39900.0
0964192239,29900.0
0964192415,39900.0
0964192451,29900.0
0964192454,19900.0
0964192464,22900.0
0964192915,39900.0
0964192956,39900.0
0964192959,39900.0
0964192964,22900.0
0964192965,32900.0
0964194151,24900.0
0964194156,39900.0
0964194245,39900.0
0964194246,22900.0
0964194426,14900.0
0964194594,22900.0
0964194615,39900.0
0964194954,22900.0
0964195415,39900.0
0964195451,24900.0
0964195641,14900.0
0964195156,39900.0
0964195629,29900.0
0964195659,39900.0
0964195695,39900.0
0964195965,32900.0
0964196145,39900.0
0964196151,24900.0
0964196154,22900.0
0964196159,39900.0
0964196195,39900.0
0964196245,39900.0
0964196295,39900.0
0964196429,29900.0
0964196451,24900.0
0964196514,22900.0
0964196595,39900.0
0964196645,34900.0
0964196649,29900.0
0964196695,39900.0
0964196915,39900.0
0964196919,29900.0
0964196929,29900.0
0964196946,19900.0
0964196956,39900.0
0964198945,39900.0
0964198949,29900.0
0964199165,32900.0
0964199295,39900.0
0964199516,22900.0
0964199565,32900.0
0964199615,39900.0
0964199629,29900.0
0964199691,14900.0
0834235941,14900.0
0834236291,14900.0
0954236499,29900.0
0964236979,24900.0
0834239423,19900.0
0964239554,22900.0
0834239646,19900.0
0964241493,19900.0
0954244954,22900.0
0954246156,39900.0
0954246245,34900.0
0834246295,39900.0
0954246364,22900.0
0644246466,12900.0
0954246624,19900.0
0954262454,19900.0
0834262939,29900.0
0954264145,34900.0
0834266165,29900.0
0834269161,14900.0
0954269915,34900.0
0954269965,29900.0
0964282691,14900.0
0954291695,39900.0
0964293565,29900.0
0954296145,34900.0
0954299551,24900.0
0834614415,32900.0
0834614541,14900.0
0834614546,14900.0
0834614595,29900.0
0834614645,32900.0
0964614665,29900.0
0834614695,29900.0
0834614946,14900.0
0834614954,19900.0
0834614956,39900.0
0834615195,29900.0
0834615619,29900.0
0834615915,32900.0
0834615919,29900.0
0954616151,24900.0
0834616265,29900.0
0834616295,29900.0
0834616459,39900.0
0834616516,14900.0
0834619145,32900.0
0834619154,19900.0
0834619159,39900.0
0834619415,32900.0
0834619416,14900.0
0834619454,19900.0
0834619545,32900.0
0834619695,29900.0
0834619824,19900.0
0834619829,44900.0
0964619895,29900.0
0834619946,14900.0
0834619951,24900.0
0834619965,29900.0
0834622351,29900.0
0834622695,29900.0
0834622824,22900.0
0834622826,29900.0
0834622989,34900.0
0834624265,29900.0
0834624945,32900.0
0834624959,39900.0
0834624964,19900.0
0834626159,39900.0
0834626354,19900.0
0834626454,19900.0
0834626545,32900.0
0834626639,29900.0
0834628245,32900.0
0834628249,29900.0
0834628265,29900.0
0964629246,17900.0
0834629265,29900.0
0834629451,29900.0
0834629464,19900.0
0834629514,19900.0
0834629541,14900.0
0834629545,32900.0
0834629549,29900.0
0834629651,29900.0
0834629824,22900.0
0834629829,44900.0
0954629915,32900.0
0834629941,14900.0
0834629954,19900.0
0954635465,29900.0
0964636939,29900.0
0834636954,19900.0
0834639897,19900.0
0834641424,19900.0
0834641451,29900.0
0834641545,34900.0
0834641915,34900.0
0834641945,34900.0
0834641946,19900.0
0834641954,19900.0
0834641956,32900.0
0834642265,29900.0
0834642414,19900.0
0964642453,19900.0
0834642454,19900.0
0834642495,29900.0
0954642659,39900.0
0834642824,19900.0
0834642829,44900.0
0834642965,29900.0
0834644156,32900.0
0834644165,29900.0
0834644241,14900.0
0834644651,29900.0
0834644951,29900.0
0834645154,19900.0
0834645145,34900.0
0834645159,39900.0
0834645195,29900.0
0834645429,29900.0
0834645659,39900.0
0834645929,29900.0
0834645951,29900.0
0834645989,34900.0
0834649145,34900.0
0834649154,19900.0
0834649245,34900.0
0834649264,19900.0
0834649515,34900.0
0834649894,19900.0
0834691415,34900.0
0834691451,29900.0
0834691464,19900.0
0834691514,19900.0
0954691556,32900.0
0834691645,34900.0
0834691649,29900.0
0834691659,39900.0
0834691924,19900.0
0834691951,29900.0
0834691959,39900.0
0834691965,34900.0
0834692265,34900.0
0834692459,39900.0
0834692464,19900.0
0834692495,32900.0
0834692829,44900.0
0834692945,34900.0
0834692949,29900.0
0834692954,19900.0
0954692956,32900.0
0834692959,39900.0
0834693629,29900.0
0834694145,34900.0
0834694165,34900.0
0834694295,32900.0
0934694415,34900.0
0834694515,34900.0
0834694629,29900.0
0834694641,14900.0
0834694651,29900.0
0834694659,39900.0
0834694695,32900.0
0964694695,32900.0
0934695154,19900.0
0834695195,32900.0
0834695414,19900.0
0834695429,29900.0
0834695451,29900.0
0834695465,34900.0
0834695514,19900.0
0834695519,34900.0
0834695564,19900.0
0834695619,29900.0
0834695641,14900.0
0834695646,22900.0
0834695659,39900.0
0834695691,14900.0
0834695915,34900.0
0834695919,29900.0
0834695924,19900.0
0834695929,29900.0
0834695946,22900.0
0834696145,34900.0
0834696149,29900.0
0834696159,39900.0
0834696194,19900.0
0834696195,32900.0
0964696246,22900.0
0834696249,29900.0
0834696294,19900.0
0834696415,34900.0
0834696419,29900.0
0834696424,19900.0
0834696429,29900.0
0644696445,34900.0
0834696451,29900.0
0834696465,34900.0
0834696495,32900.0
0834696541,14900.0
0834696545,34900.0
0834696564,19900.0
0834696645,34900.0
0834696649,29900.0
0644696966,12900.0
0834698246,22900.0
0834698265,34900.0
0834698295,32900.0
0834698945,34900.0
0834699151,29900.0
0834699156,32900.0
0834699159,39900.0
0834699164,19900.0
0834699241,14900.0
0834699245,34900.0
0834699515,34900.0
0834699519,39900.0
0834699546,22900.0
0834699564,19900.0
0834699565,34900.0
0834699615,34900.0
0834699619,29900.0
0834699624,19900.0
0834699629,29900.0
0834699656,32900.0
0834699659,39900.0
0834699826,29900.0
0645141945,34900.0
0955141961,14900.0
0835142665,34900.0
0995144193,19900.0
0955144265,34900.0
0955144959,39900.0
0825145514,19900.0
0955145949,29900.0
0995149236,19900.0
0995149563,19900.0
0955149615,34900.0
0825151624,19900.0
0955151665,34900.0
0955151956,39900.0
0965153946,22900.0
0965154629,29900.0
0825155356,39900.0
0965155364,19900.0
0965156359,39900.0
0995156535,34900.0
0965156939,29900.0
0825156965,39900.0
0955159165,39900.0
0955159451,29900.0
0955161454,19900.0
0825162287,19900.0
0965162324,19900.0
0995162951,29900.0
0935163295,32900.0
0825164546,22900.0
0965164653,19900.0
0955164659,39900.0
0955164956,39900.0
0825165145,34900.0
0825166245,34900.0
0965166451,24900.0
0955166454,19900.0
0955166514,19900.0
0955166545,34900.0
0835169655,34900.0
0955191565,39900.0
0995193979,24900.0
0835194287,29900.0
0955194451,24900.0
0965194463,17900.0
0965194914,19900.0
0955195654,19900.0
0825195979,24900.0
0835196159,39900.0
0995196239,29900.0
0835199324,19900.0
0954651415,39900.0
0834651454,22900.0
0834651594,22900.0
0834651954,22900.0
0834654145,39900.0
0964653623,19900.0
0834654146,29900.0
0834654149,29900.0
0834654195,39900.0
0834654264,22900.0
0834654415,39900.0
0834654451,24900.0
0834654515,39900.0
0834654561,19900.0
0834654591,19900.0
0954654595,39900.0
0834654614,22900.0
0834654663,19900.0
0834654924,22900.0
0834654941,19900.0
0834655154,22900.0
0834655164,22900.0
0834655191,19900.0
0834655429,29900.0
0834655451,24900.0
0834655464,22900.0
0954655615,39900.0
0834655616,29900.0
0834655919,29900.0
0834655924,22900.0
0834655946,29900.0
0834655951,29900.0
0834656149,29900.0
0834656359,39900.0
0834656419,29900.0
0834656451,24900.0
0834656919,29900.0
0834656964,22900.0
0834659159,39900.0
0954659161,19900.0
0834659164,22900.0
0834659195,39900.0
0834659415,39900.0
0834659546,29900.0
0834659915,39900.0
0834659951,29900.0
0834659646,29900.0
0995322965,39900.0
0965323979,24900.0
0955324195,32900.0
0825324459,39900.0
0995324645,39900.0
0995324926,24900.0
0855324956,39900.0
0855326364,19900.0
0965326415,39900.0
0965326651,24900.0
0835326987,32900.0
0825326994,19900.0
0995328265,39900.0
0965329239,29900.0
0835329446,22900.0
0995329897,32900.0
0825351454,19900.0
0995351695,34900.0
0835353941,17900.0
0835354965,39900.0
0955356536,24900.0
0835359236,24900.0
0825359445,34900.0
0955359445,34900.0
0835361654,19900.0
0645362245,32900.0
0835362246,24900.0
0995362419,29900.0
0995362935,34900.0
0825362959,39900.0
0995362963,19900.0
0995362989,34900.0
0995363539,29900.0
0825364665,39900.0
0965364924,19900.0
0995364939,29900.0
0995365154,19900.0
0995366263,19900.0
0995366419,29900.0
0995369163,19900.0
0995369515,39900.0
0965369914,19900.0
0825391451,29900.0
0965391653,19900.0
0995391936,29900.0
0995391946,29900.0
0965391963,19900.0
0995392249,29900.0
0835392459,39900.0
0825394146,24900.0
0835395164,22900.0
0835395979,24900.0
0965396154,22900.0
0965396195,34900.0
0835396393,19900.0
0995398919,29900.0
0996232924,22900.0
0646235354,22900.0
0646235664,22900.0
0646236995,34900.0
0956244965,39900.0
0646245394,22900.0
0956245424,22900.0
0956246651,24900.0
0956249159,39900.0
0996249823,19900.0
0956249964,22900.0
0956262499,29900.0
0996262619,29900.0
0956262664,19900.0
0956263536,19900.0
0956264659,39900.0
0956265154,19900.0
0996265616,19900.0
0996269946,19900.0
0996282414,22900.0
0956291945,34900.0
0956292919,29900.0
0956294945,34900.0
0956295514,22900.0
0956295964,22900.0
0996296223,19900.0
0826296235,34900.0
0996296393,19900.0
0956296945,34900.0
0996298264,22900.0
0826298979,34900.0
0826299364,22900.0
0996299654,22900.0
0886322324,22900.0
0996322359,39900.0
0996324295,34900.0
0826329415,34900.0
0966351455,29900.0
0956353549,29900.0
0996354541,17900.0
0996356324,22900.0
0966356624,22900.0
0996359829,44900.0
0886359899,29900.0
0956363263,19900.0
0826363563,19900.0
0886365366,19900.0
0966366299,29900.0
0886369324,22900.0
0826391691,17900.0
0886391926,44900.0
0886391979,24900.0
0826392464,22900.0
0826393236,44900.0
0646393964,22900.0
0886395535,29900.0
0646395987,39900.0
0966396355,29900.0
0826396944,22900.0
0966414615,32900.0
0966414619,29900.0
0966414691,17900.0
0966414929,29900.0
0966414915,34900.0
0964614916,19900.0
0966415145,32900.0
0966415195,32900.0
0966415464,19900.0
0966415491,17900.0
0966415564,19900.0
0966415929,29900.0
0966415951,29900.0
0966416151,24900.0
0966416415,32900.0
0966416419,29900.0
0966416424,19900.0
0966416451,24900.0
0966416454,19900.0
0966416514,19900.0
0966416516,19900.0
0966416941,17900.0
0826416956,39900.0
0966419451,24900.0
0966419514,19900.0
0966419659,39900.0
0966422399,29900.0
0966424164,19900.0
0966424194,19900.0
0966424514,19900.0
0966424964,19900.0
0966426156,32900.0
0966429495,32900.0
0966429649,29900.0
0966429945,32900.0
0966429954,19900.0
0966451915,32900.0
0966453554,17900.0
0956454161,17900.0
0966454161,17900.0
0956454595,39900.0
0646454939,29900.0
0966455451,24900.0
0966455645,34900.0
0966455646,24900.0
0966456195,39900.0
0966456495,39900.0
0966459164,19900.0
0826459351,29900.0
0966461464,19900.0
0826461915,32900.0
0956462959,39900.0
0826463615,32900.0
0956464665,39900.0
0966465154,19900.0
0966465414,19900.0
0966465495,29900.0
0966465694,19900.0
0956465924,19900.0
0826466195,29900.0
0966466494,19900.0
0966469164,19900.0
0956469295,29900.0
0826469459,39900.0
0956469615,32900.0
0826469965,39900.0
0966491424,19900.0
0956491459,39900.0
0956491541,17900.0
0966493551,24900.0
0966495141,17900.0
0966495164,19900.0
0886495994,19900.0
0956496645,32900.0
0956496924,19900.0
0966497963,19900.0
0826498793,22900.0
0956499165,39900.0
0966499624,19900.0
0956614465,29900.0
0956614515,29900.0
0956622455,29900.0
0826629829,44900.0
0826632265,29900.0
0826632936,19900.0
0646635355,29900.0
0826635989,34900.0
0886639295,29900.0
0826639965,29900.0
0886646654,19900.0
0956649656,32900.0
0826649879,39900.0
0956651451,24900.0
0956653559,39900.0
0956653654,19900.0
0956655919,29900.0
0646691663,17900.0
0646692287,19900.0
0956694156,32900.0
0956695159,39900.0
0956696646,14900.0
0826698265,29900.0
0956699356,32900.0
0826699646,14900.0
0886699695,29900.0
0917879226,29900.0
0997879236,29900.0
0957879266,29900.0
0638232356,39900.0
0958232495,39900.0
0958232656,39900.0
0958232824,22900.0
0658232989,34900.0
0638232995,39900.0
0918235166,34900.0
0838235641,19900.0
0648236224,22900.0
0838236353,17900.0
0638236355,29900.0
0648236364,22900.0
0638236491,19900.0
0658236964,22900.0
0658239664,22900.0
0918239699,29900.0
0918241456,39900.0
0638241493,19900.0
0838241694,22900.0
0838241695,39900.0
0958241699,29900.0
0838241914,22900.0
0838241924,22900.0
0838241929,29900.0
0838241951,29900.0
0838241964,22900.0
0648242461,19900.0
0838242914,22900.0
0838242941,19900.0
0838242945,34900.0
0838242946,34900.0
0838242964,22900.0
0838244164,22900.0
0918244165,34900.0
0838244916,34900.0
0838244951,29900.0
0958244997,29900.0
0918245144,22900.0
0958245155,29900.0
0838245164,22900.0
0838245426,34900.0
0838245514,22900.0
0838245591,19900.0
0838245626,34900.0
0838245941,19900.0
0838246164,22900.0
0658246366,34900.0
0838246424,22900.0
0838246451,24900.0
0838246541,19900.0
0838246546,34900.0
0918246551,24900.0
0838246614,22900.0
0838246649,29900.0
0918246659,39900.0
0838246919,29900.0
0838246924,22900.0
0838246964,22900.0
0838249151,24900.0
0658249193,19900.0
0838249245,39900.0
0838249246,34900.0
0838249295,39900.0
0968249419,29900.0
0838249424,22900.0
0968249536,34900.0
0968249599,29900.0
0838249624,22900.0
0648249641,19900.0
0838249651,24900.0
0838249695,39900.0
0858249794,22900.0
0838249894,22900.0
0968249935,34900.0
0658249954,22900.0
0918261463,19900.0
0838261565,34900.0
0838261646,32900.0
0838261691,19900.0
0838261945,32900.0
0638261964,22900.0
0838261989,34900.0
0838262241,19900.0
0958262246,32900.0
0838262264,22900.0
0648262366,32900.0
0968262466,32900.0
0958263266,32900.0
0658263566,32900.0
0968263995,39900.0
0838264145,32900.0
0958264295,39900.0
0968264454,22900.0
0838264514,22900.0
0838264595,39900.0
0838264695,39900.0
0648264699,29900.0
0838264919,29900.0
0838264924,22900.0
0838264946,32900.0
0838264951,24900.0
0968265164,22900.0
0838265541,19900.0
0658265923,19900.0
0838265949,29900.0
0838265964,22900.0
0838266151,24900.0
0838266241,19900.0
0838266246,32900.0
0838266454,22900.0
0838266495,39900.0
0838269195,39900.0
0638269326,32900.0
0918269495,39900.0
0958269495,39900.0
0648269499,29900.0
0838269545,39900.0
0838269564,22900.0
0958269695,39900.0
0838269915,39900.0
0838269941,19900.0
0838269946,32900.0
0838269951,24900.0
0838269964,22900.0
0918269979,24900.0
0958282264,24900.0
0958287924,24900.0
0638282364,24900.0
0958282655,29900.0
0638291456,39900.0
0838291645,39900.0
0838291659,39900.0
0918291699,29900.0
0838291924,24900.0
0918292355,29900.0
0838292454,24900.0
0838292649,29900.0
0968292655,29900.0
0838293291,19900.0
0918293654,24900.0
0638293941,19900.0
0638293953,19900.0
0838294146,34900.0
0838294246,34900.0
0838294264,24900.0
0838294451,24900.0
0838294695,39900.0
0638294697,29900.0
0918294954,24900.0
0958294954,24900.0
0838295141,19900.0
0638295161,19900.0
0838295195,39900.0
0838295414,24900.0
0638295494,24900.0
0838295461,19900.0
0838295519,34900.0
0838295564,24900.0
0918295565,34900.0
0838295646,34900.0
0838295694,24900.0
0858295695,39900.0
0838295924,24900.0
0838296141,19900.0
0838296194,24900.0
0838296195,39900.0
0958296414,24900.0
0658296429,29900.0
0918296466,34900.0
0918296615,39900.0
0838296645,39900.0
0838296951,29900.0
0968296993,17900.0
0838297919,29900.0
0838298264,24900.0
0838298291,19900.0
0838299141,19900.0
0838299146,34900.0
0958299155,29900.0
0838299195,39900.0
0638299239,29900.0
0838299264,24900.0
0838299495,39900.0
0838299591,19900.0
0838299615,39900.0
0838299646,34900.0
0838299691,19900.0
0918787954,22900.0
0918791993,17900.0
0958792263,17900.0
0638792359,39900.0
0958792989,34900.0
0638793224,24900.0
0918794159,39900.0
0638794636,39900.0
0838794659,39900.0
0958795166,39900.0
0918795193,17900.0
0638795464,24900.0
0958796155,29900.0
0638796159,39900.0
0918796397,39900.0
0918796399,29900.0
0858796414,24900.0
0638796424,24900.0
0638796599,29900.0
0838796926,39900.0
0958797965,39900.0
0648797966,34900.0
0958799565,39900.0
0638799654,24900.0
0962429415,39900.0
0964191565,39900.0
0802826695,29900.0
0802829165,29900.0
0802829195,29900.0
0802829197,29900.0
0802829287,29900.0
0802829397,29900.0
0802829695,29900.0
0802829795,29900.0
0802829915,29900.0
0802878287,29900.0
0802879197,29900.0
0802879287,29900.0
0802879297,29900.0
0802879397,29900.0
0802879497,29900.0
0802879787,29900.0
0802979416,29900.0
0802979424,29900.0
0802979454,29900.0
0802979461,29900.0
0802979549,29900.0
0802979565,29900.0
0802979691,29900.0
0802979961,29900.0
0802899795,29900.0
0802896397,29900.0
0802896297,29900.0
0802896497,29900.0
0802899697,29900.0
0802899787,29900.0
0802899615,29900.0
0802896597,29900.0
0802896697,29900.0
0802898297,29900.0
0802898797,29900.0
0802899197,29900.0
0802899397,29900.0
0802899695,29900.0
0802891497,29900.0
0802891597,29900.0
0802891695,29900.0
0802892235,29900.0
0802892397,29900.0
0802892697,29900.0
0802893287,29900.0
0802893597,29900.0
0802894197,29900.0
0802894297,29900.0
0802894497,29900.0
0802894615,29900.0
0802894697,29900.0
0802895197,29900.0
0802895497,29900.0
0802895597,29900.0
0802896197,29900.0
0802896287,29900.0
0802894287,29900.0
0802899897,29900.0
0802982236,29900.0
0802982365,29900.0
0802982451,29900.0
0802982493,29900.0
0802982494,29900.0
0802982614,29900.0
0802982691,29900.0
0802982895,29900.0
0802982916,29900.0
0802987829,29900.0
0802987926,29900.0
0802987949,29900.0
0802989165,29900.0
0802989193,29900.0
0802989241,29900.0
0802989261,29900.0
0802989289,29900.0
0802989293,29900.0
0802989565,29900.0
0802989694,29900.0
0802989795,29900.0
0802989923,29900.0
0644623536,25000.0
0644623545,35000.0
0644623565,35000.0
0644623595,35000.0
0644623635,35000.0
0644623645,35000.0
0644623651,25000.0
0644623659,35000.0
0644623695,35000.0
0644623945,35000.0
0644623954,25000.0
0644623956,35000.0
0644623959,35000.0
0644623965,35000.0
0644624145,35000.0
0644624151,35000.0
0644624154,25000.0
0644624156,35000.0
0644624195,35000.0
0644624235,35000.0
0644624236,35000.0
0644624265,35000.0
0644624465,35000.0
0644624495,35000.0
0644624514,25000.0
0644624515,35000.0
0644624541,25000.0
0644624564,25000.0
0644624565,25000.0
0644624591,25000.0
0644624594,25000.0
0644624595,35000.0
0644624635,35000.0
0644624636,25000.0
0644624645,25000.0
0644624656,35000.0
0644624659,35000.0
0644624695,35000.0
0644624935,35000.0
0644624936,25000.0
0644624951,25000.0
0644624956,35000.0
0644624959,35000.0
0644624965,35000.0
0644626356,35000.0
0644626359,35000.0
0644626395,55000.0
0644626515,35000.0
0644626519,35000.0
0644626535,35000.0
0644626595,35000.0
0644626915,35000.0
0644626935,35000.0
0644629145,35000.0
0644629156,35000.0
0644629195,35000.0
0644629351,35000.0
0644629356,35000.0
0644629359,35000.0
0644629395,35000.0
0644629515,35000.0
0644629535,35000.0
0644629536,25000.0
0644629635,35000.0
0644632365,35000.0
0644632395,35000.0
0644632415,35000.0
0644632451,25000.0
0644632459,35000.0
0644632465,35000.0
0644632495,35000.0
0644632635,35000.0
0644635145,35000.0
0644635156,35000.0
0644635365,35000.0
0644635395,35000.0
0644635415,35000.0
0644635451,35000.0
0644635459,35000.0
0644635465,35000.0
0644635636,25000.0
0644635645,35000.0
0644635651,25000.0
0644635659,25000.0
0644635695,35000.0
0644635935,35000.0
0644635936,25000.0
0644635956,35000.0
0644635965,35000.0
0644636235,35000.0
0644636265,35000.0
0644636295,35000.0
0644636415,35000.0
0644636459,35000.0
0644636495,35000.0
0644636514,35000.0
0644636535,35000.0
0644636536,25000.0
0644636541,25000.0
0644636545,35000.0
0644636935,35000.0
0644636956,80000.0
0644636959,80000.0
0644639156,80000.0
0644639265,35000.0
0644639295,35000.0
0644639351,35000.0
0644639356,35000.0
0644639365,35000.0
0644639459,35000.0
0644639465,35000.0
0644639495,35000.0
0644639535,35000.0
0644639536,25000.0
0644639565,35000.0
0644639635,35000.0
0644639636,25000.0
0644639645,35000.0
0644639656,35000.0
0645141519,35000.0
0645141535,35000.0
0645141536,25000.0
0645141915,35000.0
0645141935,35000.0
0645141936,25000.0
0645141951,25000.0
0645141956,35000.0
0645141965,35000.0
0645142395,35000.0
0645142459,35000.0
0645142495,35000.0
0645142635,35000.0
0645142636,25000.0
0645142645,35000.0
0645142651,25000.0
0645142659,35000.0
0645142695,35000.0
0645142895,35000.0
0645142915,35000.0
0645142935,35000.0
0645142936,25000.0
0645142945,35000.0
0645142951,25000.0
0645142959,35000.0
0645144635,35000.0
0645144565,35000.0
0645144595,35000.0
0645144915,35000.0
0645144935,35000.0
0645145154,25000.0
0645145159,35000.0
0645145194,25000.0
0645145195,35000.0
0645145356,35000.0
0645145359,35000.0
0645145365,35000.0
0645145395,35000.0
0645145495,35000.0
0645145519,35000.0
0645145536,25000.0
0645145624,25000.0
0645145635,35000.0
0645145636,25000.0
0645145659,25000.0
0645145695,35000.0
0645145915,35000.0
0645145935,35000.0
0645145936,25000.0
0645145945,35000.0
0645145951,25000.0
0645145954,25000.0
0645146245,35000.0
0645146359,35000.0
0645146519,35000.0
0645146536,25000.0
0645146591,25000.0
0645146915,35000.0
0645146935,35000.0
0645149145,35000.0
0645149156,35000.0
0645149159,35000.0
0645149195,35000.0
0645149245,35000.0
0645149356,35000.0
0645149359,35000.0
0645149395,35000.0
0645149515,35000.0
0645149519,35000.0
0645149535,35000.0
0645149536,25000.0
0645149545,35000.0
0645149635,35000.0
0645153265,35000.0
0645153295,35000.0
0645153514,25000.0
0645153565,35000.0
0645153595,35000.0
0645153635,35000.0
0645153645,35000.0
0645153695,35000.0
0645153915,35000.0
0645153935,35000.0
0645153936,25000.0
0645153956,35000.0
0645153965,35000.0
0645154145,35000.0
0645154151,25000.0
0645154156,35000.0
0645154159,35000.0
0645154195,35000.0
0645154235,35000.0
0645154295,35000.0
0645154415,35000.0
0645154514,25000.0
0645154519,35000.0
0645154535,35000.0
0645154536,25000.0
0645154539,35000.0
0645154564,25000.0
0645154595,35000.0
0645154635,35000.0
0645154645,35000.0
0645154659,35000.0
0645154915,35000.0
0645154935,35000.0
0645154945,35000.0
0645154965,35000.0
0645155356,35000.0
0645155365,35000.0
0645155395,35000.0
0645155415,35000.0
0645155465,35000.0
0645155935,35000.0
0645155936,25000.0
0645155965,35000.0
0645156235,35000.0
0645156245,35000.0
0645156265,35000.0
0645156295,35000.0
0645156356,35000.0
0645156359,35000.0
0645156364,25000.0
0645156394,25000.0
0645156415,35000.0
0645156495,35000.0
0645156514,25000.0
0645156519,35000.0
0645156541,25000.0
0645156915,35000.0
0645156945,35000.0
0645156951,25000.0
0645156954,25000.0
0645156956,35000.0
0645156959,35000.0
0645159145,35000.0
0645159151,25000.0
0645159156,35000.0
0645159245,35000.0
0645159265,35000.0
0645159356,35000.0
0645159359,35000.0
0645159365,35000.0
0645159394,25000.0
0645159395,35000.0
0645159415,35000.0
0645159451,25000.0
0645159459,35000.0
0645159465,35000.0
0645159495,35000.0
0645159514,25000.0
0645159545,25000.0
0645159635,35000.0
0645159651,25000.0
0645159656,35000.0
0645159659,35000.0
0645361416,25000.0
0645361541,25000.0
0645361546,25000.0
0645361549,35000.0
0645361645,35000.0
0645361935,35000.0
0645361945,35000.0
0645361951,25000.0
0645361954,25000.0
0645361959,35000.0
0645361965,35000.0
0645363265,35000.0
0645363565,35000.0
0645364239,35000.0
0645364416,25000.0
0645364516,25000.0
0645364695,35000.0
0645364924,25000.0
0645364936,25000.0
0645364939,35000.0
0645364965,35000.0
0645365329,35000.0
0645365416,25000.0
0645365639,35000.0
0645365695,35000.0
0645365924,25000.0
0645365936,25000.0
0645365939,35000.0
0645365946,25000.0
0645365965,35000.0
0645366145,35000.0
0645366154,25000.0
0645366195,35000.0
0645366236,25000.0
0645366516,25000.0
0645366935,35000.0
0645366945,35000.0
0645366954,25000.0
0645369165,35000.0
0645369235,35000.0
0645369265,35000.0
0645369295,35000.0
0645369354,25000.0
0645369454,25000.0
0645369549,35000.0
0645369615,35000.0
0645369645,35000.0
0645369945,35000.0
0645369954,25000.0
0645366415,35000.0
0645628915,25000.0
0645632395,35000.0
0645632459,35000.0
0645632465,35000.0
0645632495,35000.0
0645632635,35000.0
0645632935,35000.0
0645635145,35000.0
0645635154,25000.0
0645635156,35000.0
0645635159,35000.0
0645635195,35000.0
0645635395,35000.0
0645635415,35000.0
0645635459,35000.0
0645635495,35000.0
0645635636,25000.0
0645635645,35000.0
0645635659,35000.0
0645635695,35000.0
0645635915,35000.0
0645635935,35000.0
0645635936,25000.0
0645635945,35000.0
0645635954,35000.0
0645635956,35000.0
0645635965,35000.0
0645636235,35000.0
0645636245,35000.0
0645636265,35000.0
0645636295,35000.0
0645636415,35000.0
0645636451,25000.0
0645636454,25000.0
0645636459,35000.0
0645636495,35000.0
0645636514,25000.0
0645636515,35000.0
0645636519,35000.0
0645636535,35000.0
0645636536,25000.0
0645636541,25000.0
0645636545,35000.0
0645636546,25000.0
0645636591,25000.0
0645636595,35000.0
0645636935,35000.0
0645636936,25000.0
0645636945,35000.0
0645636954,25000.0
0645636956,35000.0
0645636959,35000.0
0645639145,35000.0
0645639156,35000.0
0645639159,35000.0
0645639195,35000.0
0645639235,35000.0
0645639265,35000.0
0645639295,35000.0
0645639354,25000.0
0645639356,35000.0
0645639359,35000.0
0645639451,25000.0
0645639454,25000.0
0645639459,35000.0
0645639465,35000.0
0645639495,35000.0
0645639519,35000.0
0645639535,35000.0
0645639536,25000.0
0645639539,35000.0
0645639545,35000.0
0645639546,35000.0
0645639564,25000.0
0645639565,35000.0
0645639591,25000.0
0645639635,35000.0
0645639636,35000.0
0645639645,35000.0
0645639656,35000.0
0645639659,35000.0
0645639895,35000.0
0645651415,35000.0
0645651451,25000.0
0645651454,25000.0
0645651459,25000.0
0645651495,35000.0
0645651535,35000.0
0645651536,25000.0
0645651541,25000.0
0645651939,35000.0
0645651945,35000.0
0645651951,25000.0
0645651956,35000.0
0645651959,35000.0
0645651965,35000.0
0645653235,35000.0
0645653245,35000.0
0645653265,35000.0
0645653295,35000.0
0645653514,25000.0
0645653519,25000.0
0645653545,35000.0
0645653591,25000.0
0645653594,25000.0
0645653595,35000.0
0645653635,35000.0
0645653639,35000.0
0645653645,25000.0
0645653651,25000.0
0645653659,35000.0
0645653695,35000.0
0645653915,35000.0
0645653935,35000.0
0645653936,25000.0
0645653945,35000.0
0645653951,25000.0
0645653954,25000.0
0645653959,35000.0
0645653965,35000.0
0645654145,35000.0
0645654154,25000.0
0645654195,35000.0
0645654235,35000.0
0645654236,25000.0
0645654295,35000.0
0645654415,35000.0
0645654451,25000.0
0645654459,35000.0
0645654465,35000.0
0645654495,35000.0
0645654514,25000.0
0645654515,25000.0
0645654519,25000.0
0645654535,35000.0
0645654536,25000.0
0645654539,35000.0
0645654635,35000.0
0645654636,25000.0
0645654645,25000.0
0645654659,25000.0
0645654695,35000.0
0645654935,35000.0
0645654936,25000.0
0645654945,35000.0
0645654954,25000.0
0645654956,35000.0
0645654959,35000.0
0645654965,35000.0
0645655156,35000.0
0645655159,35000.0
0645655195,35000.0
0645655356,35000.0
0645655365,35000.0
0645655395,35000.0
0645655915,35000.0
0645655936,25000.0
0645659145,35000.0
0645659154,25000.0
0645659195,35000.0
0645659235,35000.0
0645659245,35000.0
0645659265,35000.0
0645659295,35000.0
0645659354,25000.0
0645659356,35000.0
0645659359,35000.0
0645659395,35000.0
0645659415,35000.0
0645659451,25000.0
0645659454,25000.0
0645659465,35000.0
0645659495,35000.0
0645659514,35000.0
0645659515,35000.0
0645659519,35000.0
0645659535,35000.0
0645659536,25000.0
0645659541,25000.0
0645659545,35000.0
0645659546,25000.0
0645659564,25000.0
0645659635,35000.0
0645659645,35000.0
0646235426,25000.0
0646235429,35000.0
0646235695,35000.0
0646235936,25000.0
0646236394,25000.0
0646236451,25000.0
0646236564,35000.0
0646239516,25000.0
0646239564,25000.0
0646239594,25000.0
0646239639,35000.0
0646232895,35000.0
0646232915,35000.0
0646235165,35000.0
0646235414,25000.0
0646235464,25000.0
0646235495,35000.0
0646235646,25000.0
0646235945,35000.0
0646236156,35000.0
0646236165,35000.0
0646236515,35000.0
0646236959,35000.0
0646239635,35000.0
0646239965,35000.0
0646241541,25000.0
0646241546,25000.0
0646241939,35000.0
0646242639,35000.0
0646242936,25000.0
0646244165,35000.0
0646244591,35000.0
0646244595,35000.0
0646244615,35000.0
0646244954,25000.0
0646244965,35000.0
0646245146,25000.0
0646245149,35000.0
0646245354,25000.0
0646245495,35000.0
0646245639,35000.0
0646245695,35000.0
0646245939,25000.0
0646245954,25000.0
0646246451,25000.0
0646246956,35000.0
0646249145,35000.0
0646249516,25000.0
0646249915,35000.0
0646242324,25000.0
0646242635,35000.0
0646242915,35000.0
0646244245,35000.0
0646244535,35000.0
0646245145,35000.0
0646246265,35000.0
0646246515,35000.0
0646246535,35000.0
0646246536,25000.0
0646246645,35000.0
0646263235,35000.0
0646263245,35000.0
0646263265,35000.0
0646263295,35000.0
0646263565,35000.0
0646263645,35000.0
0646263656,35000.0
0646263659,35000.0
0646263695,35000.0
0646263954,25000.0
0646263956,35000.0
0646263959,35000.0
0646264195,35000.0
0646264245,35000.0
0646264265,35000.0
0646264295,35000.0
0646264515,35000.0
0646264536,25000.0
0646264539,35000.0
0646264565,35000.0
0646264595,35000.0
0646264635,35000.0
0646265145,35000.0
0646265154,25000.0
0646265156,35000.0
0646265356,35000.0
0646265359,35000.0
0646265365,35000.0
0646265395,35000.0
0646265415,35000.0
0646265451,25000.0
0646265459,35000.0
0646265465,35000.0
0646265495,35000.0
0646265635,35000.0
0646265639,35000.0
0646265645,35000.0
0646265695,35000.0
0646265935,35000.0
0646265936,25000.0
0646265945,35000.0
0646265951,25000.0
0646265956,35000.0
0646265965,35000.0
0646269145,35000.0
0646269154,25000.0
0646269156,35000.0
0646269195,35000.0
0646269245,35000.0
0646269356,35000.0
0646269359,35000.0
0646269365,35000.0
0646269395,35000.0
0646269515,35000.0
0646269535,35000.0
0646269536,25000.0
0646269539,35000.0
0646269545,35000.0
0646269565,35000.0
0646282636,35000.0
0646282989,35000.0
0646287965,35000.0
0646287989,35000.0
0646289879,35000.0
0646282635,35000.0
0646282645,35000.0
0646282945,35000.0
0646289151,35000.0
0646289154,35000.0
0646289195,35000.0
0646289245,35000.0
0646289295,35000.0
0646289495,35000.0
0646289536,25000.0
0646289659,35000.0
0646289935,35000.0
0646323565,35000.0
0646323595,35000.0
0646323639,35000.0
0646323659,35000.0
0646323695,35000.0
0646323954,35000.0
0646323959,35000.0
0646323965,35000.0
0646324165,35000.0
0646324195,35000.0
0646324235,35000.0
0646324239,35000.0
0646324265,35000.0
0646324465,35000.0
0646324495,35000.0
0646324535,35000.0
0646324539,35000.0
0646324594,25000.0
0646324595,35000.0
0646324635,35000.0
0646324639,35000.0
0646324645,35000.0
0646324695,35000.0
0646324945,35000.0
0646324956,35000.0
0646324965,35000.0
0646326245,35000.0
0646326356,35000.0
0646326415,35000.0
0646326465,35000.0
0646326535,35000.0
0646326564,25000.0
0646328239,35000.0
0646328936,25000.0
0646329245,35000.0
0646329359,35000.0
0646329515,35000.0
0646329535,35000.0
0646329539,35000.0
0646329545,35000.0
0646329565,35000.0
0646351465,35000.0
0646351546,35000.0
0646351564,25000.0
0646351651,25000.0
0646351924,25000.0
0646353265,35000.0
0646353695,35000.0
0646353936,25000.0
0646353965,35000.0
0646354154,35000.0
0646354165,35000.0
0646354236,25000.0
0646354239,35000.0
0646354265,35000.0
0646354564,25000.0
0646354639,35000.0
0646354695,25000.0
0646354936,25000.0
0646354939,35000.0
0646354965,35000.0
0646355356,35000.0
0646355424,25000.0
0646355645,35000.0
0646355956,35000.0
0646355965,35000.0
0646356265,35000.0
0646356541,25000.0
0646356936,25000.0
0646356954,25000.0
0646359265,35000.0
0646359535,35000.0
0646359539,35000.0
0646359541,25000.0
0646359564,25000.0
0646359636,25000.0
0646359639,35000.0
0646359645,35000.0
0646359659,35000.0
0646359935,35000.0
0646353635,35000.0
0646353956,35000.0
0646356365,35000.0
0646356635,25000.0
0646359235,35000.0
0646359245,35000.0
0646359424,25000.0
0646361624,25000.0
0646361626,25000.0
0646361936,25000.0
0646362635,35000.0
0646364535,35000.0
0646365165,35000.0
0646365394,25000.0
0646365536,25000.0
0646365539,25000.0
0646365616,25000.0
0646366329,35000.0
0646362965,35000.0
0646364546,35000.0
0646364965,35000.0
0646366424,25000.0
0646366495,35000.0
0646366945,35000.0
0646369159,35000.0
0646369356,35000.0
0646369365,35000.0
0646369465,35000.0
0646369515,35000.0
0646395429,65000.0
0646396156,90000.0
0646398795,115000.0
0646399165,125000.0
0646391656,90000.0
0646392235,90000.0
0646395465,65000.0
0646451415,35000.0
0646451454,25000.0
0646451459,35000.0
0646451465,35000.0
0646451536,25000.0
0646451539,35000.0
0646451541,25000.0
0646451545,25000.0
0646451564,25000.0
0646451915,35000.0
0646451945,35000.0
0646451954,25000.0
0646451956,35000.0
0646451959,35000.0
0646451965,35000.0
0646453265,35000.0
0646453515,35000.0
0646453519,35000.0
0646453541,25000.0
0646453565,35000.0
0646453595,35000.0
0646453635,35000.0
0646453639,35000.0
0646453645,35000.0
0646453656,35000.0
0646453659,35000.0
0646453695,35000.0
0646453915,35000.0
0646453935,35000.0
0646453936,25000.0
0646453945,35000.0
0646453954,25000.0
0646453956,35000.0
0646453959,35000.0
0646453965,35000.0
0646454145,35000.0
0646454154,25000.0
0646454159,25000.0
0646454195,35000.0
0646454235,35000.0
0646454295,35000.0
0646454415,35000.0
0646454451,25000.0
0646454459,35000.0
0646454465,35000.0
0646454495,35000.0
0646454635,35000.0
0646454651,25000.0
0646454659,35000.0
0646454695,35000.0
0646454915,35000.0
0646454936,25000.0
0646454945,35000.0
0646454951,25000.0
0646454954,25000.0
0646454956,35000.0
0646454959,35000.0
0646454965,35000.0
0646455156,35000.0
0646455356,35000.0
0646455359,35000.0
0646455365,35000.0
0646455395,35000.0
0646455415,35000.0
0646455459,35000.0
0646455495,35000.0
0646455635,35000.0
0646455636,25000.0
0646455915,35000.0
0646455935,35000.0
0646455936,25000.0
0646455956,35000.0
0646455965,35000.0
0646456235,35000.0
0646456245,35000.0
0646456265,35000.0
0646456295,35000.0
0646456354,25000.0
0646456356,35000.0
0646456359,35000.0
0646456364,25000.0
0646456395,25000.0
0646456451,25000.0
0646456454,25000.0
0646456459,35000.0
0646456495,35000.0
0646456514,25000.0
0646456519,25000.0
0646456535,35000.0
0646456935,35000.0
0646456936,25000.0
0646456945,35000.0
0646456954,25000.0
0646456956,35000.0
0646456959,35000.0
0646459145,35000.0
0646459154,25000.0
0646459156,35000.0
0646459159,35000.0
0646459195,35000.0
0646459235,35000.0
0646459245,35000.0
0646459265,35000.0
0646459295,35000.0
0646459356,35000.0
0646459359,35000.0
0646459365,35000.0
0646459394,25000.0
0646459395,35000.0
0646459415,35000.0
0646459424,25000.0
0646459451,25000.0
0646459454,25000.0
0646459465,35000.0
0646459495,35000.0
0646459514,25000.0
0646459515,35000.0
0646459519,35000.0
0646459535,35000.0
0646459536,25000.0
0646459539,35000.0
0646459541,25000.0
0646459545,35000.0
0646459564,25000.0
0646459635,35000.0
0646459636,25000.0
0646459639,35000.0
0646459645,35000.0
0646459656,35000.0
0646459659,35000.0
0646459895,35000.0
0646462356,35000.0
0646462359,35000.0
0646462365,35000.0
0646462395,35000.0
0646462459,35000.0
0646462464,25000.0
0646462465,35000.0
0646462495,35000.0
0646462636,25000.0
0646462645,35000.0
0646462656,35000.0
0646462895,35000.0
0646462935,35000.0
0646462936,25000.0
0646462945,35000.0
0646462954,25000.0
0646462956,35000.0
0646462959,35000.0
0646462964,25000.0
0646462965,35000.0
0646463235,35000.0
0646463236,25000.0
0646463245,35000.0
0646463246,35000.0
0646463265,35000.0
0646463515,35000.0
0646463545,35000.0
0646463565,35000.0
0646463595,35000.0
0646463656,35000.0
0646463659,35000.0
0646463694,25000.0
0646463695,35000.0
0646463935,35000.0
0646463936,25000.0
0646463959,35000.0
0646463964,25000.0
0646465145,35000.0
0646465195,35000.0
0646465354,25000.0
0646465356,35000.0
0646465359,35000.0
0646465365,35000.0
0646465395,35000.0
0646465414,25000.0
0646465415,35000.0
0646465451,25000.0
0646465519,25000.0
0646465635,35000.0
0646465914,25000.0
0646465915,35000.0
0646465935,35000.0
0646465936,25000.0
0646465945,35000.0
0646465956,35000.0
0646465965,35000.0
0646469145,35000.0
0646469235,35000.0
0646469265,35000.0
0646469289,35000.0
0646469295,35000.0
0646469354,25000.0
0646469356,35000.0
0646469359,35000.0
0646469364,25000.0
0646469365,35000.0
0646469415,35000.0
0646469535,35000.0
0646469541,25000.0
0646469564,25000.0
0646462364,25000.0
0646462695,35000.0
0646463946,25000.0
0646465954,25000.0
0646465156,35000.0
0646469465,35000.0
0646532365,35000.0
0646532395,35000.0
0646532415,35000.0
0646532451,25000.0
0646532454,25000.0
0646532465,35000.0
0646532495,35000.0
0646532635,35000.0
0646532915,35000.0
0646532935,35000.0
0646535145,35000.0
0646535156,35000.0
0646535159,35000.0
0646535195,35000.0
0646535415,35000.0
0646535451,25000.0
0646535459,35000.0
0646535465,35000.0
0646535495,35000.0
0646535635,35000.0
0646535636,25000.0
0646535645,35000.0
0646535659,35000.0
0646535695,35000.0
0646535915,35000.0
0646535935,35000.0
0646535936,35000.0
0646535956,35000.0
0646535965,35000.0
0646536235,35000.0
0646536245,35000.0
0646536265,35000.0
0646536295,35000.0
0646536351,25000.0
0646536354,25000.0
0646536359,35000.0
0646536451,25000.0
0646536459,35000.0
0646536495,35000.0
0646536514,25000.0
0646536515,35000.0
0646536519,35000.0
0646536535,35000.0
0646536546,25000.0
0646536595,35000.0
0646536915,35000.0
0646536936,25000.0
0646536954,25000.0
0646536956,35000.0
0646536959,35000.0
0646539145,35000.0
0646539154,35000.0
0646539156,35000.0
0646539159,35000.0
0646539195,35000.0
0646539235,35000.0
0646539245,35000.0
0646539265,35000.0
0646539295,35000.0
0646539324,25000.0
0646539354,25000.0
0646539359,35000.0
0646539365,35000.0
0646539424,25000.0
0646539454,25000.0
0646539459,35000.0
0646539465,35000.0
0646539514,25000.0
0646539515,35000.0
0646539519,35000.0
0646539535,35000.0
0646539536,25000.0
0646539541,25000.0
0646539545,35000.0
0646539546,25000.0
0646539565,35000.0
0646539591,25000.0
0646539635,35000.0
0646539636,25000.0
0646539639,35000.0
0646539651,25000.0
0646539656,25000.0
0646539659,35000.0
0646562395,35000.0
0646562451,25000.0
0646562459,35000.0
0646562465,35000.0
0646562495,35000.0
0646562635,35000.0
0646562915,35000.0
0646562935,35000.0
0646563235,35000.0
0646563245,35000.0
0646563514,25000.0
0646563515,35000.0
0646563519,35000.0
0646563536,25000.0
0646563545,35000.0
0646563565,35000.0
0646563595,35000.0
0646563659,35000.0
0646563695,35000.0
0646563915,35000.0
0646563935,35000.0
0646563936,25000.0
0646563945,35000.0
0646563965,35000.0
0646564195,35000.0
0646564235,35000.0
0646564295,35000.0
0646564515,35000.0
0646564519,35000.0
0646564536,25000.0
0646564539,35000.0
0646564595,35000.0
0646564635,35000.0
0646564915,35000.0
0646564935,35000.0
0646569145,35000.0
0646569151,25000.0
0646569154,25000.0
0646569156,35000.0
0646569159,35000.0
0646569195,35000.0
0646569245,35000.0
0646569356,35000.0
0646569359,35000.0
0646569365,35000.0
0646569515,35000.0
0646569535,35000.0
0646569536,25000.0
0647474947,25000.0
0647474987,25000.0
0647822414,25000.0
0647822695,35000.0
0647822989,35000.0
0647823291,25000.0
0647823545,35000.0
0647823546,25000.0
0647823595,35000.0
0647823626,25000.0
0647823629,35000.0
0647823639,35000.0
0647823646,25000.0
0647823649,35000.0
0647823924,25000.0
0647823946,25000.0
0647823949,35000.0
0647824146,25000.0
0647824149,35000.0
0647824165,35000.0
0647824194,25000.0
0647824235,35000.0
0647824236,25000.0
0647824264,25000.0
0647824291,25000.0
0647824419,35000.0
0647824429,35000.0
0647824535,35000.0
0647824591,25000.0
0647824594,25000.0
0647824624,25000.0
0647824629,35000.0
0647824635,35000.0
0647824639,35000.0
0647824649,35000.0
0647824691,25000.0
0647824694,25000.0
0647824926,25000.0
0647824936,25000.0
0647824941,25000.0
0647824964,25000.0
0647826236,25000.0
0647826239,35000.0
0647826241,25000.0
0647826246,25000.0
0647826249,35000.0
0647826289,35000.0
0647826294,25000.0
0647826324,25000.0
0647826364,25000.0
0647826391,25000.0
0647826419,35000.0
0647826424,25000.0
0647826429,35000.0
0647826494,25000.0
0647826516,25000.0
0647826561,25000.0
0647826591,25000.0
0647826914,25000.0
0647826924,25000.0
0647826929,35000.0
0647826936,25000.0
0647826939,35000.0
0647826946,25000.0
0647826949,35000.0
0647828919,35000.0
0647828924,25000.0
0647828926,25000.0
0647828929,35000.0
0647828936,25000.0
0647828939,35000.0
0647828949,35000.0
0647828964,25000.0
0647829146,25000.0
0647829149,35000.0
0647829194,25000.0
0647829236,25000.0
0647829246,25000.0
0647829249,25000.0
0647829264,25000.0
0647829289,35000.0
0647829391,25000.0
0647829394,25000.0
0647829414,25000.0
0647829464,25000.0
0647829624,25000.0
0647829639,35000.0
0647829646,25000.0
0647829649,35000.0
0647829824,25000.0
0647829826,25000.0
0647829894,25000.0
0647822326,25000.0
0647822364,25000.0
0647822394,25000.0
0647822397,25000.0
0647822416,25000.0
0647822429,35000.0
0647822451,25000.0
0647822453,25000.0
0647822461,25000.0
0647822491,25000.0
0647822493,25000.0
0647822497,25000.0
0647822636,25000.0
0647822639,35000.0
0647822646,25000.0
0647822697,25000.0
0647822823,25000.0
0647822826,25000.0
0647822919,25000.0
0647822939,35000.0
0647823297,25000.0
0647823516,25000.0
0647823561,25000.0
0647823693,25000.0
0647823961,25000.0
0647824163,25000.0
0647824164,25000.0
0647824497,25000.0
0647824623,25000.0
0647824693,25000.0
0647824979,35000.0
0647826141,25000.0
0647826146,25000.0
0647826193,25000.0
0647826197,25000.0
0647826293,25000.0
0647826353,25000.0
0647826497,25000.0
0647826641,25000.0
0647826453,25000.0
0647826461,25000.0
0647826694,25000.0
0647826953,25000.0
0647826964,25000.0
0647828247,25000.0
0647828916,25000.0
0647828923,25000.0
0647828961,25000.0
0647829323,25000.0
0647829453,25000.0
0647829463,25000.0
0647829614,25000.0
0647829619,35000.0
0647829914,25000.0
0647829926,25000.0
0647879149,35000.0
0647879151,25000.0
0647879159,35000.0
0647879195,35000.0
0647879235,35000.0
0647879236,35000.0
0647879239,35000.0
0647879245,35000.0
0647879265,35000.0
0647879294,25000.0
0647879295,35000.0
0647879326,25000.0
0647879329,35000.0
0647879359,35000.0
0647879395,35000.0
0647879415,25000.0
0647879419,35000.0
0647879426,25000.0
0647879429,35000.0
0647879454,25000.0
0647879459,25000.0
0647879464,25000.0
0647879495,35000.0
0647879514,25000.0
0647879515,35000.0
0647879519,25000.0
0647879535,35000.0
0647879536,35000.0
0647879539,35000.0
0647879546,35000.0
0647879549,35000.0
0647879626,25000.0
0647879636,25000.0
0647879639,35000.0
0647879645,35000.0
0647879646,25000.0
0647879656,35000.0
0647879659,35000.0
0647879824,25000.0
0647879826,25000.0
0647879829,35000.0
0647879894,25000.0
0647879895,35000.0
0647879153,25000.0
0647879161,25000.0
0647879163,25000.0
0647879164,25000.0
0647879165,35000.0
0647879193,25000.0
0647879197,25000.0
0647879261,25000.0
0647879263,25000.0
0647879287,25000.0
0647879293,25000.0
0647879297,25000.0
0647879323,25000.0
0647879353,25000.0
0647879361,25000.0
0647879363,25000.0
0647879397,25000.0
0647879416,25000.0
0647879423,35000.0
0647879453,25000.0
0647879461,25000.0
0647879463,25000.0
0647879493,25000.0
0647879497,25000.0
0647879516,25000.0
0647879563,35000.0
0647879593,25000.0
0647879597,25000.0
0647879614,25000.0
0647879615,35000.0
0647879616,25000.0
0647879619,35000.0
0647879623,25000.0
0647879653,25000.0
0647879691,25000.0
0647879693,25000.0
0647879694,25000.0
0647879695,35000.0
0647879697,25000.0
0647879823,25000.0
0647879897,25000.0
0647879893,25000.0
0647879914,25000.0
0647879915,25000.0
0647879916,25000.0
0647879923,25000.0
0647879924,25000.0
0647879926,25000.0
0647879935,35000.0
0647879936,25000.0
0647879941,25000.0
0647879945,35000.0
0647879946,25000.0
0647879951,25000.0
0647879953,25000.0
0647879954,25000.0
0647879956,35000.0
0647879961,25000.0
0647879963,25000.0
0647879964,25000.0
0647879965,35000.0
0647891415,290000.0
0647891419,290000.0
0647891426,150000.0
0647891429,250000.0
0647891464,299000.0
0647891491,299000.0
0647891494,150000.0
0647891514,150000.0
0647891519,259000.0
0647891535,1000000.0
0647891539,259000.0
0647891549,259000.0
0647891594,199000.0
0647891924,199000.0
0647891926,199000.0
0647891929,259000.0
0647891936,199000.0
0647891939,199000.0
0647891941,199000.0
0647891949,259000.0
0647892324,199000.0
0647892326,199000.0
0647892329,259000.0
0647892364,299000.0
0647892394,199000.0
0647892414,199000.0
0647892419,259000.0
0647892426,199000.0
0647892429,259000.0
0647892491,199000.0
0647892494,199000.0
0647892624,199000.0
0647892629,259000.0
0647892646,199000.0
0647892649,259000.0
0647892694,199000.0
0647892695,259000.0
0647892826,199000.0
0647892829,259000.0
0647892879,259000.0
0647892891,199000.0
0647892919,250000.0
0647892936,199000.0
0647892939,259000.0
0647892946,199000.0
0647892949,259000.0
0647892989,259000.0
0647893239,259000.0
0647893246,199000.0
0647893291,199000.0
0647893294,199000.0
0647893514,189000.0
0647893539,259000.0
0647893565,1000000.0
0647893591,250000.0
0647893594,199000.0
0647893629,259000.0
0647893646,199000.0
0647893649,259000.0
0647893691,199000.0
0647893914,199000.0
0647893919,259000.0
0647893924,199000.0
0647893929,259000.0
0647893941,199000.0
0647893946,199000.0
0647893949,259000.0
0647893964,199000.0
0647894146,199000.0
0647894149,259000.0
0647894191,199000.0
0647894194,199000.0
0647894235,1000000.0
0647894236,299000.0
0647894239,259000.0
0647894264,199000.0
0647894289,1000000.0
0647894294,199000.0
0647894429,259000.0
0647894541,199000.0
0647894564,199000.0
0647894591,199000.0
0647894594,199000.0
0647894624,199000.0
0647894626,199000.0
0647894629,259000.0
0647894636,299000.0
0647894639,1000000.0
0647894641,199000.0
0647894649,259000.0
0647894691,189000.0
0647894694,800000.0
0647894695,1200000.0
0647894914,199000.0
0647894919,259000.0
0647894924,199000.0
0647894926,199000.0
0647894929,259000.0
0647894935,1000000.0
0647894936,189000.0
0647894951,250000.0
0647894964,199000.0
0647894989,1000000.0
0647895146,199000.0
0647895149,259000.0
0647895156,199000.0
0647895164,199000.0
0647895191,199000.0
0647895326,199000.0
0647895329,259000.0
0647895356,199000.0
0647895364,299000.0
0647895391,199000.0
0647895394,199000.0
0647895395,1000000.0
0647895415,1000000.0
0647895429,259000.0
0647895491,199000.0
0647895536,199000.0
0647895546,199000.0
0647895549,259000.0
0647895564,199000.0
0647895626,199000.0
0647895629,259000.0
0647895635,1000000.0
0647895649,250000.0
0647895691,199000.0
0647895694,199000.0
0647895914,199000.0
0647895936,199000.0
0647895941,199000.0
0647895946,199000.0
0647895964,199000.0
0647896236,199000.0
0647896239,259000.0
0647896245,659000.0
0647896246,199000.0
0647896249,259000.0
0647896294,189000.0
0647896295,1000000.0
0647896326,199000.0
0647896329,259000.0
0647896354,199000.0
0647896364,299000.0
0647896395,1000000.0
0647896424,199000.0
0647896429,250000.0
0647896454,199000.0
0647896459,1000000.0
0647896494,199000.0
0647896546,399000.0
0647897824,299000.0
0647897826,250000.0
0647897829,1000000.0
0647897891,199000.0
0647897894,199000.0
0647898236,199000.0
0647898239,259000.0
0647898245,259000.0
0647898249,259000.0
0647898291,199000.0
0647898294,199000.0
0647899639,1000000.0
0647892236,199000.0
0647892239,259000.0
0647892249,259000.0
0647892263,199000.0
0647892287,199000.0
0647892353,199000.0
0647892616,199000.0
0647892619,259000.0
0647892979,259000.0
0647893297,199000.0
0647893979,259000.0
0647894416,199000.0
0647894453,199000.0
0647894461,199000.0
0647894497,199000.0
0647894697,199000.0
0647895161,199000.0
0647895397,199000.0
0647895461,199000.0
0647896164,199000.0
0647896197,199000.0
0647896263,199000.0
0647896287,199000.0
0647896297,199000.0
0647896397,199000.0
0647896497,199000.0
0647896693,199000.0
0647896919,259000.0
0647897916,199000.0
0647897949,199000.0
0647897961,199000.0
0647899141,199000.0
0647899161,199000.0
0647899297,199000.0
0647899391,199000.0
0647899394,199000.0
0647899416,199000.0
0647899497,199000.0
0647899614,199000.0
0647899616,199000.0
0647899619,259000.0
0647899694,199000.0
0647899791,199000.0
0647899794,199000.0
0648232414,25000.0
0648232415,35000.0
0648232426,25000.0
0648232429,25000.0
0648232454,25000.0
0648232495,35000.0
0648232635,35000.0
0648232636,35000.0
0648232639,35000.0
0648232645,35000.0
0648232646,25000.0
0648232659,35000.0
0648232695,35000.0
0648232824,25000.0
0648232826,25000.0
0648232829,35000.0
0648232895,35000.0
0648232914,25000.0
0648232915,35000.0
0648232924,25000.0
0648232926,25000.0
0648232935,35000.0
0648232936,25000.0
0648232939,35000.0
0648232945,35000.0
0648232959,35000.0
0648232965,35000.0
0648235145,35000.0
0648235149,35000.0
0648235156,35000.0
0648235326,25000.0
0648235329,35000.0
0648235365,35000.0
0648235394,25000.0
0648235395,35000.0
0648235415,35000.0
0648235424,25000.0
0648235429,35000.0
0648235459,35000.0
0648235465,35000.0
0648235536,25000.0
0648235541,25000.0
0648235549,35000.0
0648235564,25000.0
0648235594,25000.0
0648235636,35000.0
0648235639,35000.0
0648235641,25000.0
0648235645,35000.0
0648235646,25000.0
0648235915,35000.0
0648235919,35000.0
0648235924,25000.0
0648235935,35000.0
0648235936,25000.0
0648235939,35000.0
0648235945,35000.0
0648235951,25000.0
0648235956,35000.0
0648235965,35000.0
0648236235,35000.0
0648236239,35000.0
0648236245,35000.0
0648236249,35000.0
0648236264,25000.0
0648236265,35000.0
0648236294,25000.0
0648236295,35000.0
0648236326,25000.0
0648236354,25000.0
0648236394,25000.0
0648236395,55000.0
0648236419,35000.0
0648236424,25000.0
0648236454,25000.0
0648236465,35000.0
0648236515,35000.0
0648236535,35000.0
0648236536,35000.0
0648236539,35000.0
0648236595,35000.0
0648236915,35000.0
0648236945,35000.0
0648236954,25000.0
0648236956,35000.0
0648236959,35000.0
0648236989,35000.0
0648239145,35000.0
0648239154,25000.0
0648239156,35000.0
0648239235,35000.0
0648239236,35000.0
0648239245,35000.0
0648239265,35000.0
0648239289,35000.0
0648239295,35000.0
0648239356,35000.0
0648239365,35000.0
0648239415,35000.0
0648239454,25000.0
0648239459,35000.0
0648239465,35000.0
0648239495,35000.0
0648239515,35000.0
0648239545,35000.0
0648239565,35000.0
0648239645,35000.0
0648239656,35000.0
0648239895,35000.0
0648232239,35000.0
0648232264,25000.0
0648232265,35000.0
0648232291,25000.0
0648232295,35000.0
0648232451,25000.0
0648232453,25000.0
0648232614,25000.0
0648232619,35000.0
0648232656,35000.0
0648232693,25000.0
0648232697,25000.0
0648232823,25000.0
0648232897,25000.0
0648232916,25000.0
0648232923,25000.0
0648232956,35000.0
0648232961,25000.0
0648235164,25000.0
0648235193,25000.0
0648235361,25000.0
0648235363,25000.0
0648235461,25000.0
0648235464,25000.0
0648235563,25000.0
0648235597,25000.0
0648235693,25000.0
0648235695,35000.0
0648235916,25000.0
0648235953,25000.0
0648236153,25000.0
0648236154,25000.0
0648236156,35000.0
0648236193,25000.0
0648236194,25000.0
0648236289,35000.0
0648236323,25000.0
0648236356,35000.0
0648236359,35000.0
0648236393,25000.0
0648236397,25000.0
0648236495,35000.0
0648236514,25000.0
0648236545,35000.0
0648236597,25000.0
0648236639,35000.0
0648236641,25000.0
0648236649,35000.0
0648236659,35000.0
0648236691,25000.0
0648236694,25000.0
0648236695,35000.0
0648236916,25000.0
0648236923,25000.0
0648236961,25000.0
0648236964,25000.0
0648239161,25000.0
0648239163,25000.0
0648239164,25000.0
0648239293,25000.0
0648239323,25000.0
0648239353,25000.0
0648239361,25000.0
0648239416,25000.0
0648239423,25000.0
0648239453,25000.0
0648239493,25000.0
0648239497,25000.0
0648239561,25000.0
0648239593,25000.0
0648239614,25000.0
0648239619,35000.0
0648239691,35000.0
0648239693,25000.0
0648239694,25000.0
0648239793,25000.0
0648239795,35000.0
0648239916,25000.0
0648239935,35000.0
0648239941,25000.0
0648239956,35000.0
0648241451,25000.0
0648241459,35000.0
0648241514,25000.0
0648241539,35000.0
0648241945,35000.0
0648241965,35000.0
0648242265,35000.0
0648242639,35000.0
0648242645,35000.0
0648242965,35000.0
0648244145,35000.0
0648244154,25000.0
0648244236,25000.0
0648244239,35000.0
0648244265,35000.0
0648244539,35000.0
0648244541,25000.0
0648244591,25000.0
0648244636,35000.0
0648244639,35000.0
0648244645,35000.0
0648244694,25000.0
0648245145,25000.0
0648245536,25000.0
0648245591,25000.0
0648245639,35000.0
0648245645,35000.0
0648245695,35000.0
0648245919,35000.0
0648245945,35000.0
0648245965,35000.0
0648246154,25000.0
0648246156,35000.0
0648246235,35000.0
0648246236,25000.0
0648246239,35000.0
0648246245,35000.0
0648246265,35000.0
0648246289,35000.0
0648246354,25000.0
0648246364,25000.0
0648246454,25000.0
0648246459,35000.0
0648246495,35000.0
0648246539,35000.0
0648246945,35000.0
0648246954,25000.0
0648246956,35000.0
0648249154,35000.0
0648249165,35000.0
0648249235,35000.0
0648249236,35000.0
0648249265,35000.0
0648249289,35000.0
0648249295,35000.0
0648249451,25000.0
0648249465,35000.0
0648249519,35000.0
0648249636,25000.0
0648249645,35000.0
0648249945,35000.0
0648249965,35000.0
0648241454,25000.0
0648241465,35000.0
0648241493,25000.0
0648241497,25000.0
0648241619,35000.0
0648241626,25000.0
0648241693,25000.0
0648241916,25000.0
0648242246,25000.0
0648242264,25000.0
0648242295,35000.0
0648242353,25000.0
0648242393,25000.0
0648242616,25000.0
0648242897,25000.0
0648242916,25000.0
0648242953,25000.0
0648242963,25000.0
0648244161,25000.0
0648244193,25000.0
0648244563,25000.0
0648244593,25000.0
0648244597,25000.0
0648244619,35000.0
0648244653,25000.0
0648244697,25000.0
0648244961,25000.0
0648245161,25000.0
0648245153,25000.0
0648245163,25000.0
0648245361,25000.0
0648245397,25000.0
0648245423,25000.0
0648245516,25000.0
0648245561,25000.0
0648245563,25000.0
0648245593,25000.0
0648245623,25000.0
0648245693,25000.0
0648245697,25000.0
0648245953,25000.0
0648246141,25000.0
0648246146,25000.0
0648246149,25000.0
0648246164,25000.0
0648246263,25000.0
0648246287,25000.0
0648246353,25000.0
0648246393,25000.0
0648246415,25000.0
0648246423,25000.0
0648246561,25000.0
0648246593,25000.0
0648246597,25000.0
0648246623,25000.0
0648246641,25000.0
0648246649,25000.0
0648246651,25000.0
0648246653,25000.0
0648246691,25000.0
0648246693,25000.0
0648246694,25000.0
0648246916,25000.0
0648246961,25000.0
0648246965,35000.0
0648249163,25000.0
0648249287,25000.0
0648249263,25000.0
0648249293,25000.0
0648249323,25000.0
0648249593,25000.0
0648249619,25000.0
0648249653,25000.0
0648249914,25000.0
0648249916,25000.0
0648249924,25000.0
0648249926,25000.0
0648249961,25000.0
0648262351,25000.0
0648262356,35000.0
0648262359,35000.0
0648262365,35000.0
0648262395,35000.0
0648262415,35000.0
0648262451,25000.0
0648262454,25000.0
0648262459,35000.0
0648262465,35000.0
0648262495,35000.0
0648262879,35000.0
0648262895,35000.0
0648262935,35000.0
0648262936,25000.0
0648262945,35000.0
0648262954,25000.0
0648262956,35000.0
0648262959,35000.0
0648262965,35000.0
0648263235,35000.0
0648263245,35000.0
0648263265,35000.0
0648263295,35000.0
0648263514,25000.0
0648263515,35000.0
0648263536,35000.0
0648263545,35000.0
0648263565,35000.0
0648263595,35000.0
0648263645,35000.0
0648263656,35000.0
0648263659,35000.0
0648263695,35000.0
0648263915,35000.0
0648263935,35000.0
0648263936,35000.0
0648263945,35000.0
0648263951,25000.0
0648263956,35000.0
0648263959,35000.0
0648263965,35000.0
0648264145,35000.0
0648264151,25000.0
0648264156,35000.0
0648264159,35000.0
0648264195,35000.0
0648264235,35000.0
0648264236,35000.0
0648264239,35000.0
0648264245,35000.0
0648264265,35000.0
0648264289,35000.0
0648264295,35000.0
0648264415,35000.0
0648264459,35000.0
0648264465,35000.0
0648264495,35000.0
0648264515,35000.0
0648264519,35000.0
0648264535,35000.0
0648264536,35000.0
0648264565,35000.0
0648264595,35000.0
0648264635,35000.0
0648264636,35000.0
0648264656,35000.0
0648264659,35000.0
0648264914,25000.0
0648264915,35000.0
0648264935,35000.0
0648264936,25000.0
0648264945,35000.0
0648264951,25000.0
0648264954,25000.0
0648264956,35000.0
0648264959,35000.0
0648264965,35000.0
0648264989,35000.0
0648265145,35000.0
0648265154,25000.0
0648265156,35000.0
0648265195,35000.0
0648265354,25000.0
0648265356,35000.0
0648265365,35000.0
0648265451,25000.0
0648265459,35000.0
0648265465,35000.0
0648265514,25000.0
0648265519,25000.0
0648265635,35000.0
0648265636,35000.0
0648265645,35000.0
0648265914,25000.0
0648265915,35000.0
0648265935,35000.0
0648265936,35000.0
0648265945,35000.0
0648265956,35000.0
0648265965,35000.0
0648268951,25000.0
0648269145,25000.0
0648269154,25000.0
0648269156,35000.0
0648269159,35000.0
0648269195,35000.0
0648269235,35000.0
0648269236,35000.0
0648269245,35000.0
0648269265,35000.0
0648269295,35000.0
0648269365,35000.0
0648269395,35000.0
0648269415,35000.0
0648269454,25000.0
0648269459,35000.0
0648269465,35000.0
0648269495,35000.0
0648269535,35000.0
0648269536,25000.0
0648269545,35000.0
0648269565,35000.0
0648269824,25000.0
0648269895,35000.0
0648261419,35000.0
0648261423,25000.0
0648261429,35000.0
0648261451,25000.0
0648261454,25000.0
0648261463,25000.0
0648261464,25000.0
0648261465,35000.0
0648261493,25000.0
0648261494,25000.0
0648261516,25000.0
0648261536,25000.0
0648261546,25000.0
0648261564,25000.0
0648261645,35000.0
0648261653,25000.0
0648261691,25000.0
0648261693,25000.0
0648261926,25000.0
0648261954,25000.0
0648261963,25000.0
0648261964,25000.0
0648261979,35000.0
0648262235,35000.0
0648262239,35000.0
0648262263,25000.0
0648262265,35000.0
0648262287,25000.0
0648262363,25000.0
0648262393,25000.0
0648262397,25000.0
0648262423,25000.0
0648262463,25000.0
0648262893,25000.0
0648262979,35000.0
0648263289,35000.0
0648263297,25000.0
0648263516,25000.0
0648263561,25000.0
0648263563,25000.0
0648263615,35000.0
0648263619,25000.0
0648263623,25000.0
0648264153,25000.0
0648264163,25000.0
0648264164,25000.0
0648264261,25000.0
0648264453,25000.0
0648264463,25000.0
0648264493,25000.0
0648264497,25000.0
0648264516,25000.0
0648264546,25000.0
0648264564,25000.0
0648264593,25000.0
0648264597,25000.0
0648264614,25000.0
0648264923,25000.0
0648264963,25000.0
0648265161,25000.0
0648265164,25000.0
0648265193,25000.0
0648265197,25000.0
0648265323,25000.0
0648265363,25000.0
0648265453,25000.0
0648265461,25000.0
0648265497,25000.0
0648265563,25000.0
0648265597,25000.0
0648265623,25000.0
0648265693,25000.0
0648265695,35000.0
0648265961,25000.0
0648266146,25000.0
0648266154,25000.0
0648266191,25000.0
0648266195,35000.0
0648266235,35000.0
0648266245,35000.0
0648266246,25000.0
0648266263,25000.0
0648266295,35000.0
0648266353,25000.0
0648266391,25000.0
0648266416,25000.0
0648266419,25000.0
0648266423,25000.0
0648266451,25000.0
0648266493,25000.0
0648266494,25000.0
0648266535,35000.0
0648266541,25000.0
0648266563,25000.0
0648266593,25000.0
0648266594,25000.0
0648266597,25000.0
0648266914,25000.0
0648266916,25000.0
0648266924,25000.0
0648266954,25000.0
0648266959,35000.0
0648266963,25000.0
0648266965,35000.0
0648269161,25000.0
0648269163,25000.0
0648269263,25000.0
0648269297,25000.0
0648269359,25000.0
0648269416,25000.0
0648269515,35000.0
0648269516,25000.0
0648269561,25000.0
0648269597,25000.0
0648269615,35000.0
0648269639,35000.0
0648269645,35000.0
0648269653,25000.0
0648269793,25000.0
0648269795,35000.0
0648269879,35000.0
0648269897,25000.0
0648269916,25000.0
0648269923,25000.0
0648269936,25000.0
0648269945,35000.0
0648269954,25000.0
0648269965,35000.0
0648289519,25000.0
0648289535,35000.0
0648289536,25000.0
0648289539,35000.0
0648289656,35000.0
0648289915,35000.0
0648287823,25000.0
0648287895,35000.0
0648287954,35000.0
0648287964,35000.0
0648289164,25000.0
0648289145,35000.0
0648289193,25000.0
0648289241,25000.0
0648289263,25000.0
0648289291,25000.0
0648289294,25000.0
0648289353,25000.0
0648289394,25000.0
0648289397,25000.0
0648289416,25000.0
0648289426,25000.0
0648289591,35000.0
0648289594,25000.0
0648289619,35000.0
0648289626,25000.0
0648289629,35000.0
0648289641,25000.0
0648289659,35000.0
0648289693,25000.0
0648289793,25000.0
0648289826,25000.0
0648289879,35000.0
0648289923,25000.0
0648289924,25000.0
0648289936,25000.0
0648289941,25000.0
0648289963,25000.0
0648291615,35000.0
0648291636,25000.0
0648291945,35000.0
0648291951,35000.0
0648292324,25000.0
0648292639,35000.0
0648292824,25000.0
0648292829,35000.0
0648293289,35000.0
0648293514,25000.0
0648293591,25000.0
0648294241,25000.0
0648294289,35000.0
0648294539,35000.0
0648294591,25000.0
0648294639,35000.0
0648294936,35000.0
0648294939,35000.0
0648294989,35000.0
0648295326,25000.0
0648295416,25000.0
0648295426,25000.0
0648295429,35000.0
0648295514,25000.0
0648295516,25000.0
0648295619,35000.0
0648295639,35000.0
0648295695,35000.0
0648295926,25000.0
0648296516,25000.0
0648296539,35000.0
0648296561,25000.0
0648298236,25000.0
0648298265,35000.0
0648298289,35000.0
0648298936,25000.0
0648298945,35000.0
0648299514,25000.0
0648299516,25000.0
0648299541,25000.0
0648291416,25000.0
0648291461,25000.0
0648291463,25000.0
0648291561,25000.0
0648291619,35000.0
0648291623,25000.0
0648291626,25000.0
0648291629,35000.0
0648291646,25000.0
0648291649,35000.0
0648291651,25000.0
0648291653,25000.0
0648291961,25000.0
0648292263,25000.0
0648292265,35000.0
0648292294,25000.0
0648292297,25000.0
0648292353,25000.0
0648292354,25000.0
0648292397,25000.0
0648292451,25000.0
0648292453,25000.0
0648292461,25000.0
0648292463,25000.0
0648292493,25000.0
0648292623,25000.0
0648292693,25000.0
0648293593,25000.0
0648294614,25000.0
0648294636,25000.0
0648294645,35000.0
0648294697,25000.0
0648294915,35000.0
0648295153,25000.0
0648295323,25000.0
0648295354,25000.0
0648295361,25000.0
0648295397,25000.0
0648295453,25000.0
0648295463,25000.0
0648295563,25000.0
0648295597,25000.0
0648295697,25000.0
0648295916,25000.0
0648295923,25000.0
0648295963,25000.0
0648296146,25000.0
0648296164,25000.0
0648296197,25000.0
0648296263,25000.0
0648296287,25000.0
0648296453,25000.0
0648296493,25000.0
0648296623,25000.0
0648296624,25000.0
0648296659,25000.0
0648296691,25000.0
0648296693,25000.0
0648296915,35000.0
0648296923,25000.0
0648296951,25000.0
0648296956,35000.0
0648296979,35000.0
0648296989,35000.0
0648297897,25000.0
0648297926,25000.0
0648297935,25000.0
0648297936,25000.0
0648297945,35000.0
0648297949,35000.0
0648297956,35000.0
0648298261,25000.0
0648298297,25000.0
0648298793,25000.0
0648298797,25000.0
0648299141,25000.0
0648299146,25000.0
0648299161,25000.0
0648299164,25000.0
0648299165,35000.0
0648299193,25000.0
0648299197,25000.0
0648299246,25000.0
0648299293,25000.0
0648299294,25000.0
0648299297,25000.0
0648299364,25000.0
0648299495,35000.0
0648299497,25000.0
0648299564,25000.0
0648299594,25000.0
0648299623,25000.0
0648299635,25000.0
0648299645,35000.0
0648299649,35000.0
0648299651,35000.0
0648299656,35000.0
0648299693,25000.0
0648299697,25000.0
0648299793,25000.0
0648782235,25000.0
0648782245,35000.0
0648782265,35000.0
0648782289,35000.0
0648782354,25000.0
0648782359,35000.0
0648782615,35000.0
0648782636,25000.0
0648782645,35000.0
0648782919,35000.0
0648782945,35000.0
0648782954,25000.0
0648782965,35000.0
0648789149,35000.0
0648789165,35000.0
0648789195,35000.0
0648789235,35000.0
0648789236,25000.0
0648789245,35000.0
0648789265,35000.0
0648789289,35000.0
0648789324,25000.0
0648789354,59000.0
0648789365,59000.0
0648789414,25000.0
0648789415,25000.0
0648789451,25000.0
0648789459,35000.0
0648789465,25000.0
0648789516,25000.0
0648789519,35000.0
0648789536,35000.0
0648789539,35000.0
0648789549,35000.0
0648789561,25000.0
0648789564,25000.0
0648789639,35000.0
0648789645,35000.0
0648789651,55000.0
0648789656,35000.0
0648789659,35000.0
0648789945,35000.0
0648782249,35000.0
0648782261,25000.0
0648782297,25000.0
0648782416,25000.0
0648782497,25000.0
0648782646,25000.0
0648782893,25000.0
0648789161,25000.0
0648789164,25000.0
0648789263,25000.0
0648789293,25000.0
0648789297,25000.0
0648789416,25000.0
0648789463,25000.0
0648789593,25000.0
0648789691,25000.0
0648789794,25000.0
0648789923,25000.0
0648789936,25000.0
0648789946,35000.0
0648791561,25000.0
0648791695,35000.0
0648792289,35000.0
0648792329,35000.0
0648792394,25000.0
0648792414,25000.0
0648792429,35000.0
0648792464,25000.0
0648792615,35000.0
0648792636,25000.0
0648792639,35000.0
0648792646,25000.0
0648792649,35000.0
0648792651,25000.0
0648792659,35000.0
0648792694,25000.0
0648792826,25000.0
0648792829,35000.0
0648792894,25000.0
0648792914,25000.0
0648792954,25000.0
0648792936,25000.0
0648792939,35000.0
0648792941,35000.0
0648792946,25000.0
0648792949,25000.0
0648792964,25000.0
0648793239,35000.0
0648793249,35000.0
0648793264,25000.0
0648793291,25000.0
0648793294,25000.0
0648793564,25000.0
0648793594,25000.0
0648793626,35000.0
0648793629,35000.0
0648793639,35000.0
0648793646,35000.0
0648793649,35000.0
0648793659,35000.0
0648793694,25000.0
0648793924,25000.0
0648793929,35000.0
0648793946,25000.0
0648793949,35000.0
0648793964,25000.0
0648794149,35000.0
0648794154,25000.0
0648794194,25000.0
0648794236,25000.0
0648794239,35000.0
0648794246,25000.0
0648794249,35000.0
0648794289,35000.0
0648794291,25000.0
0648794426,25000.0
0648794429,35000.0
0648794451,25000.0
0648794546,25000.0
0648794564,25000.0
0648794594,25000.0
0648794624,25000.0
0648794629,35000.0
0648794636,25000.0
0648794639,35000.0
0648794645,35000.0
0648794649,35000.0
0648794694,25000.0
0648794695,35000.0
0648794929,35000.0
0648795149,35000.0
0648795191,25000.0
0648795194,25000.0
0648795391,25000.0
0648795394,25000.0
0648795416,25000.0
0648795429,35000.0
0648795464,25000.0
0648795514,25000.0
0648795536,25000.0
0648795539,35000.0
0648795549,35000.0
0648795564,25000.0
0648795616,25000.0
0648795641,25000.0
0648795646,25000.0
0648795649,35000.0
0648795651,35000.0
0648795691,25000.0
0648795914,25000.0
0648795924,25000.0
0648795926,25000.0
0648795941,25000.0
0648795949,25000.0
0648796236,25000.0
0648796239,35000.0
0648796246,25000.0
0648796264,25000.0
0648796291,25000.0
0648796294,25000.0
0648796295,35000.0
0648796329,25000.0
0648796364,25000.0
0648796419,35000.0
0648796424,25000.0
0648796426,25000.0
0648796429,35000.0
0648796494,25000.0
0648796516,25000.0
0648796591,25000.0
0648796594,25000.0
0648796595,35000.0
0648797824,25000.0
0648797829,35000.0
0648797879,35000.0
0648797894,25000.0
0648798236,25000.0
0648798239,25000.0
0648798246,25000.0
0648798249,25000.0
0648798289,35000.0
0648798294,25000.0
0648798794,25000.0
0648798929,35000.0
0648798936,25000.0
0648798939,35000.0
0648798941,25000.0
0648798945,35000.0
0648798946,25000.0
0648798949,35000.0
0648798979,35000.0
0648799324,25000.0
0648799495,35000.0
0648799516,25000.0
0648799591,25000.0
0648791415,35000.0
0648791454,25000.0
0648791463,25000.0
0648791536,25000.0
0648791614,25000.0
0648791623,25000.0
0648791629,35000.0
0648791641,25000.0
0648791645,35000.0
0648791945,35000.0
0648791953,25000.0
0648792261,25000.0
0648792263,25000.0
0648792291,25000.0
0648792359,35000.0
0648792361,25000.0
0648792453,25000.0
0648792493,25000.0
0648792497,25000.0
0648792697,25000.0
0648792961,25000.0
0648792879,35000.0
0648792897,25000.0
0648793245,35000.0
0648793263,25000.0
0648793297,25000.0
0648793514,25000.0
0648793616,25000.0
0648793619,35000.0
0648793653,25000.0
0648793693,25000.0
0648793915,35000.0
0648793923,25000.0
0648793963,25000.0
0648793979,35000.0
0648794151,25000.0
0648794161,25000.0
0648794191,25000.0
0648794263,25000.0
0648794295,35000.0
0648794416,25000.0
0648794453,25000.0
0648794614,25000.0
0648794619,35000.0
0648794635,35000.0
0648794697,25000.0
0648794959,35000.0
0648794963,25000.0
0648795153,25000.0
0648795154,25000.0
0648795354,25000.0
0648795361,25000.0
0648795414,25000.0
0648795423,25000.0
0648795451,25000.0
0648795453,25000.0
0648795614,25000.0
0648795619,35000.0
0648795963,25000.0
0648796151,25000.0
0648796159,35000.0
0648796164,25000.0
0648796165,25000.0
0648796194,25000.0
0648796195,35000.0
0648796287,25000.0
0648796289,25000.0
0648796297,25000.0
0648796353,25000.0
0648796495,35000.0
0648796561,25000.0
0648796929,25000.0
0648796564,25000.0
0648796694,25000.0
0648796623,25000.0
0648796989,35000.0
0648796946,25000.0
0648798263,25000.0
0648798287,25000.0
0648798295,35000.0
0648798791,25000.0
0648798916,25000.0
0648798923,25000.0
0648798961,25000.0
0648799164,25000.0
0648799235,25000.0
0648799429,35000.0
0648799464,25000.0
0648799549,25000.0
0648799636,25000.0
0648799645,35000.0
0648799391,25000.0
0648799397,25000.0
0648799419,35000.0
0648799563,25000.0
0648799694,25000.0
0648799891,25000.0
0648799894,25000.0
0648914239,35000.0
0648922635,35000.0
0649242895,35000.0
0649282324,25000.0
0649282351,25000.0
0649282354,25000.0
0649282359,35000.0
0649282365,35000.0
0649282394,25000.0
0649282395,35000.0
0649282415,35000.0
0649282419,35000.0
0649282454,25000.0
0649282459,35000.0
0649282465,35000.0
0649282494,25000.0
0649282495,35000.0
0649282635,35000.0
0649282636,25000.0
0649282639,35000.0
0649282641,25000.0
0649282645,35000.0
0649282646,25000.0
0649282649,35000.0
0649282656,35000.0
0649282659,35000.0
0649282694,25000.0
0649282695,35000.0
0649282924,25000.0
0649282936,25000.0
0649282939,35000.0
0649282945,35000.0
0649282949,35000.0
0649282951,35000.0
0649282956,35000.0
0649282959,35000.0
0649282965,35000.0
0649287894,25000.0
0649287914,25000.0
0649287915,35000.0
0649287935,35000.0
0649287936,25000.0
0649287939,35000.0
0649287945,35000.0
0649287956,35000.0
0649287964,25000.0
0649287989,35000.0
0649289141,25000.0
0649289149,35000.0
0649289154,25000.0
0649289156,35000.0
0649289159,35000.0
0649289194,25000.0
0649289235,35000.0
0649289236,25000.0
0649289239,35000.0
